Breast/images/A_1512_1-RIGHT_CC-tif_jpg.rf.af200038480d63167e65049cc91f9cc1.jpg,/Breast/masks/A_1512_1-RIGHT_CC-tif_jpg.rf.af200038480d63167e65049cc91f9cc1.png
Breast/images/A_1467_1-LEFT_CC-tif_jpg.rf.b0ca586f183dcaf4139348d2b395ca9f.jpg,/Breast/masks/A_1467_1-LEFT_CC-tif_jpg.rf.b0ca586f183dcaf4139348d2b395ca9f.png
Breast/images/822670242_b12_C_LCC_UST-DIS_addb2_png_jpg.rf.b138976652da5d3a4ce5930eea0354e5.jpg,/Breast/masks/822670242_b12_C_LCC_UST-DIS_addb2_png_jpg.rf.b138976652da5d3a4ce5930eea0354e5.png
Breast/images/A_0574_1-LEFT_MLO-tif_jpg.rf.aef1c66d3c58f3cb0a5856f223da86d5.jpg,/Breast/masks/A_0574_1-LEFT_MLO-tif_jpg.rf.aef1c66d3c58f3cb0a5856f223da86d5.png
Breast/images/A_1955_1-RIGHT_MLO-tif_jpg.rf.ae39e88ff93dc0a3bf7ce3fc8caefd2b.jpg,/Breast/masks/A_1955_1-RIGHT_MLO-tif_jpg.rf.ae39e88ff93dc0a3bf7ce3fc8caefd2b.png
Breast/images/822670253_b12_C_RMLO_BULGU-YOK_addb1_png_jpg.rf.b6b4d2a08d08169c115d5a9b28090dd1.jpg,/Breast/masks/822670253_b12_C_RMLO_BULGU-YOK_addb1_png_jpg.rf.b6b4d2a08d08169c115d5a9b28090dd1.png
Breast/images/822670240_b12_C_RCC_UST-DIS_addb2_png_jpg.rf.b0184c1ebddfa8aa032f49b1ee7480ae.jpg,/Breast/masks/822670240_b12_C_RCC_UST-DIS_addb2_png_jpg.rf.b0184c1ebddfa8aa032f49b1ee7480ae.png
Breast/images/822670226_b12_C_LMLO_BULGU-YOK_addb2_png_jpg.rf.ac060b34683538f3697ec5b4794e3728.jpg,/Breast/masks/822670226_b12_C_LMLO_BULGU-YOK_addb2_png_jpg.rf.ac060b34683538f3697ec5b4794e3728.png
Breast/images/C_0143_1-RIGHT_CC-tif_jpg.rf.a9b3c1b48b39c712be8a6989d67a1aea.jpg,/Breast/masks/C_0143_1-RIGHT_CC-tif_jpg.rf.a9b3c1b48b39c712be8a6989d67a1aea.png
Breast/images/D_4594_1-RIGHT_CC-tif_jpg.rf.aa8ee8b7c1a672ba37a6e91f0573b174.jpg,/Breast/masks/D_4594_1-RIGHT_CC-tif_jpg.rf.aa8ee8b7c1a672ba37a6e91f0573b174.png
Breast/images/822670239_b12_D_RMLO_BULGU-YOK_addb2_png_jpg.rf.a95789fef320b832d2d068500649a6ff.jpg,/Breast/masks/822670239_b12_D_RMLO_BULGU-YOK_addb2_png_jpg.rf.a95789fef320b832d2d068500649a6ff.png
Breast/images/B_3048_1-RIGHT_MLO-tif_jpg.rf.b227150897998a3ae1bf4520cac4dac3.jpg,/Breast/masks/B_3048_1-RIGHT_MLO-tif_jpg.rf.b227150897998a3ae1bf4520cac4dac3.png
Breast/images/A_1801_1-LEFT_MLO-tif_jpg.rf.af0ddf1d60e2dc54402d7e3c9b654c73.jpg,/Breast/masks/A_1801_1-LEFT_MLO-tif_jpg.rf.af0ddf1d60e2dc54402d7e3c9b654c73.png
Breast/images/C_0134_1-LEFT_CC-tif_jpg.rf.b0212f0c5e3955910665eaf1400d77b7.jpg,/Breast/masks/C_0134_1-LEFT_CC-tif_jpg.rf.b0212f0c5e3955910665eaf1400d77b7.png
Breast/images/822670209_b12_C_LCC_BULGU-YOK_addb1_png_jpg.rf.b357eb84876c2bca70253dac8f018a07.jpg,/Breast/masks/822670209_b12_C_LCC_BULGU-YOK_addb1_png_jpg.rf.b357eb84876c2bca70253dac8f018a07.png
Breast/images/822670234_b00_D_LCC_BULGU-YOK_addb0_png_jpg.rf.a8c17b053c5fe110647914dc2953d3ed.jpg,/Breast/masks/822670234_b00_D_LCC_BULGU-YOK_addb0_png_jpg.rf.a8c17b053c5fe110647914dc2953d3ed.png
Breast/images/D_4573_1-LEFT_CC-tif_jpg.rf.b064f36205028fd175b0f69f500cbb1d.jpg,/Breast/masks/D_4573_1-LEFT_CC-tif_jpg.rf.b064f36205028fd175b0f69f500cbb1d.png
Breast/images/822670206_b12_C_RMLO_BULGU-YOK_addb1_png_jpg.rf.b7f74e06eb27fd74ad642613a162a015.jpg,/Breast/masks/822670206_b12_C_RMLO_BULGU-YOK_addb1_png_jpg.rf.b7f74e06eb27fd74ad642613a162a015.png
Breast/images/B_3636_1-LEFT_CC-tif_jpg.rf.b1ab4969d580419f84579b29f2371f6c.jpg,/Breast/masks/B_3636_1-LEFT_CC-tif_jpg.rf.b1ab4969d580419f84579b29f2371f6c.png
Breast/images/C_0478_1-LEFT_CC-tif_jpg.rf.b7af52f19b90e666ad2a921844dac945.jpg,/Breast/masks/C_0478_1-LEFT_CC-tif_jpg.rf.b7af52f19b90e666ad2a921844dac945.png
Breast/images/C_0490_1-RIGHT_MLO-tif_jpg.rf.b7f7e3f69c2289b36ca5a24c5a880e97.jpg,/Breast/masks/C_0490_1-RIGHT_MLO-tif_jpg.rf.b7f7e3f69c2289b36ca5a24c5a880e97.png
Breast/images/A_2016_1-LEFT_MLO-tif_jpg.rf.b32a83011bb0182609bdb83d0e8771ae.jpg,/Breast/masks/A_2016_1-LEFT_MLO-tif_jpg.rf.b32a83011bb0182609bdb83d0e8771ae.png
Breast/images/A_1862_1-LEFT_MLO-tif_jpg.rf.b853b1553a36d8d564a6197243bb28d8.jpg,/Breast/masks/A_1862_1-LEFT_MLO-tif_jpg.rf.b853b1553a36d8d564a6197243bb28d8.png
Breast/images/822670240_b12_C_LCC_UST-DIS_addb2_png_jpg.rf.ad8ef1a57e4d6d334799a066926a3114.jpg,/Breast/masks/822670240_b12_C_LCC_UST-DIS_addb2_png_jpg.rf.ad8ef1a57e4d6d334799a066926a3114.png
Breast/images/822670233_b12_C_LCC_MERKEZ_addb2_png_jpg.rf.a8edd94481933155b4c46dc573a8c971.jpg,/Breast/masks/822670233_b12_C_LCC_MERKEZ_addb2_png_jpg.rf.a8edd94481933155b4c46dc573a8c971.png
Breast/images/822670245_b12_C_RMLO_BULGU-YOK_addb1_png_jpg.rf.b8a3ab239a56675c39f325904e4573ee.jpg,/Breast/masks/822670245_b12_C_RMLO_BULGU-YOK_addb1_png_jpg.rf.b8a3ab239a56675c39f325904e4573ee.png
Breast/images/B_3610_1-RIGHT_MLO-tif_jpg.rf.b5bce511122a2e44a17874063c68d21e.jpg,/Breast/masks/B_3610_1-RIGHT_MLO-tif_jpg.rf.b5bce511122a2e44a17874063c68d21e.png
Breast/images/822670244_b12_C_LMLO_UST-DIS_addb2_png_jpg.rf.b74cf8382c39c095a305c2a37bb60fcc.jpg,/Breast/masks/822670244_b12_C_LMLO_UST-DIS_addb2_png_jpg.rf.b74cf8382c39c095a305c2a37bb60fcc.png
Breast/images/822670242_b12_C_RMLO_MERKEZ_addb2_png_jpg.rf.b7c1f576d17903fd04e57db0d7ce35ba.jpg,/Breast/masks/822670242_b12_C_RMLO_MERKEZ_addb2_png_jpg.rf.b7c1f576d17903fd04e57db0d7ce35ba.png
Breast/images/822670189_b12_C_RMLO_BULGU-YOK_addb1_png_jpg.rf.ac484cede5f25224d79645ec6e3afc07.jpg,/Breast/masks/822670189_b12_C_RMLO_BULGU-YOK_addb1_png_jpg.rf.ac484cede5f25224d79645ec6e3afc07.png
Breast/images/C_0047_1-RIGHT_MLO-tif_jpg.rf.bfbd2e3ccb9e214ec9daa196296c092d.jpg,/Breast/masks/C_0047_1-RIGHT_MLO-tif_jpg.rf.bfbd2e3ccb9e214ec9daa196296c092d.png
Breast/images/C_0143_1-RIGHT_CC-tif_jpg.rf.baaf457ecf9a690f7530a124c5879c2c.jpg,/Breast/masks/C_0143_1-RIGHT_CC-tif_jpg.rf.baaf457ecf9a690f7530a124c5879c2c.png
Breast/images/822670240_b12_C_RMLO_UST-DIS_addb2_png_jpg.rf.bea675c2172d39037873fe0ac2915160.jpg,/Breast/masks/822670240_b12_C_RMLO_UST-DIS_addb2_png_jpg.rf.bea675c2172d39037873fe0ac2915160.png
Breast/images/822670245_b12_C_RMLO_BULGU-YOK_addb1_png_jpg.rf.bc94fa064bbf17941fc43ac6cdd102cb.jpg,/Breast/masks/822670245_b12_C_RMLO_BULGU-YOK_addb1_png_jpg.rf.bc94fa064bbf17941fc43ac6cdd102cb.png
Breast/images/A_1149_1-LEFT_MLO-tif_jpg.rf.ac46c94e2adcd01befc46dd0df69e258.jpg,/Breast/masks/A_1149_1-LEFT_MLO-tif_jpg.rf.ac46c94e2adcd01befc46dd0df69e258.png
Breast/images/C_0061_1-LEFT_MLO-tif_jpg.rf.c1947373753174fd86aee49fb3ef7940.jpg,/Breast/masks/C_0061_1-LEFT_MLO-tif_jpg.rf.c1947373753174fd86aee49fb3ef7940.png
Breast/images/C_0231_1-RIGHT_CC-tif_jpg.rf.c43c9d16d9eaa1ff1dd5105315712acc.jpg,/Breast/masks/C_0231_1-RIGHT_CC-tif_jpg.rf.c43c9d16d9eaa1ff1dd5105315712acc.png
Breast/images/822670251_b12_D_LMLO_BULGU-YOK_addb2_png_jpg.rf.c6b63a6db6efeb24d46e9e7992c72488.jpg,/Breast/masks/822670251_b12_D_LMLO_BULGU-YOK_addb2_png_jpg.rf.c6b63a6db6efeb24d46e9e7992c72488.png
Breast/images/822670251_b12_D_RMLO_UST-DIS_addb2_png_jpg.rf.c464c079a33f18f4d2b467f11f3a0171.jpg,/Breast/masks/822670251_b12_D_RMLO_UST-DIS_addb2_png_jpg.rf.c464c079a33f18f4d2b467f11f3a0171.png
Breast/images/B_3636_1-LEFT_CC-tif_jpg.rf.ccb444bdaa77e1a216142795af008c86.jpg,/Breast/masks/B_3636_1-LEFT_CC-tif_jpg.rf.ccb444bdaa77e1a216142795af008c86.png
Breast/images/A_1992_1-LEFT_CC-tif_jpg.rf.be45eaef8544c970e6c8075a5bf1b1fb.jpg,/Breast/masks/A_1992_1-LEFT_CC-tif_jpg.rf.be45eaef8544c970e6c8075a5bf1b1fb.png
Breast/images/822670255_b12_C_RCC_MERKEZ_addb2_png_jpg.rf.b4008953ea6d96f49a1a5c8809ef17ab.jpg,/Breast/masks/822670255_b12_C_RCC_MERKEZ_addb2_png_jpg.rf.b4008953ea6d96f49a1a5c8809ef17ab.png
Breast/images/A_1615_1-LEFT_CC-tif_jpg.rf.b9a8576f5711181b95e215c8152b8a68.jpg,/Breast/masks/A_1615_1-LEFT_CC-tif_jpg.rf.b9a8576f5711181b95e215c8152b8a68.png
Breast/images/B_3601_1-RIGHT_MLO-tif_jpg.rf.c940337af3d372e95de91217714c8da2.jpg,/Breast/masks/B_3601_1-RIGHT_MLO-tif_jpg.rf.c940337af3d372e95de91217714c8da2.png
Breast/images/C_0490_1-RIGHT_MLO-tif_jpg.rf.ce2ee7a32eb0c0b00165f37178957923.jpg,/Breast/masks/C_0490_1-RIGHT_MLO-tif_jpg.rf.ce2ee7a32eb0c0b00165f37178957923.png
Breast/images/822670189_b12_C_LMLO_BULGU-YOK_addb1_png_jpg.rf.c57cdf51696928abbf336d2433af0aee.jpg,/Breast/masks/822670189_b12_C_LMLO_BULGU-YOK_addb1_png_jpg.rf.c57cdf51696928abbf336d2433af0aee.png
Breast/images/822670221_b12_C_LMLO_BULGU-YOK_addb2_png_jpg.rf.b9f03a5e821402b1ab9bda53f334bcc5.jpg,/Breast/masks/822670221_b12_C_LMLO_BULGU-YOK_addb2_png_jpg.rf.b9f03a5e821402b1ab9bda53f334bcc5.png
Breast/images/A_0466_1-LEFT_MLO-tif_jpg.rf.be5e41b27f410f16126ee44001fe8049.jpg,/Breast/masks/A_0466_1-LEFT_MLO-tif_jpg.rf.be5e41b27f410f16126ee44001fe8049.png
Breast/images/822670201_b12_C_LCC_UST-DIS_addb2_png_jpg.rf.c45303cc65cb6e9f278acb3fad9193d5.jpg,/Breast/masks/822670201_b12_C_LCC_UST-DIS_addb2_png_jpg.rf.c45303cc65cb6e9f278acb3fad9193d5.png
Breast/images/D_4609_1-RIGHT_CC-tif_jpg.rf.ce55fbb8d388e9171516e0a0f8d0242d.jpg,/Breast/masks/D_4609_1-RIGHT_CC-tif_jpg.rf.ce55fbb8d388e9171516e0a0f8d0242d.png
Breast/images/A_0604_1-LEFT_MLO-tif_jpg.rf.c8213d613a23723ce726d162273c6ecc.jpg,/Breast/masks/A_0604_1-LEFT_MLO-tif_jpg.rf.c8213d613a23723ce726d162273c6ecc.png
Breast/images/C_0494_1-LEFT_CC-tif_jpg.rf.cbbc295520c7d00a0fdb8f9a1c37d021.jpg,/Breast/masks/C_0494_1-LEFT_CC-tif_jpg.rf.cbbc295520c7d00a0fdb8f9a1c37d021.png
Breast/images/822670253_b12_C_LMLO_BULGU-YOK_addb1_png_jpg.rf.d1280c7e17e7c28c4ef7eab5b7ea6a1a.jpg,/Breast/masks/822670253_b12_C_LMLO_BULGU-YOK_addb1_png_jpg.rf.d1280c7e17e7c28c4ef7eab5b7ea6a1a.png
Breast/images/A_1554_1-RIGHT_MLO-tif_jpg.rf.cf1997dc0f65aba23f7419bad8953c20.jpg,/Breast/masks/A_1554_1-RIGHT_MLO-tif_jpg.rf.cf1997dc0f65aba23f7419bad8953c20.png
Breast/images/822670237_b00_D_LMLO_UST-DIS_addb0_png_jpg.rf.d1e02be8f8fabadb061ec7794bb54cd2.jpg,/Breast/masks/822670237_b00_D_LMLO_UST-DIS_addb0_png_jpg.rf.d1e02be8f8fabadb061ec7794bb54cd2.png
Breast/images/A_1391_1-LEFT_MLO-tif_jpg.rf.d480968d00180c9afe487e7a8e2ca162.jpg,/Breast/masks/A_1391_1-LEFT_MLO-tif_jpg.rf.d480968d00180c9afe487e7a8e2ca162.png
Breast/images/A_2016_1-LEFT_MLO-tif_jpg.rf.d473e6d2d6d0872c3f0b22749fc69c25.jpg,/Breast/masks/A_2016_1-LEFT_MLO-tif_jpg.rf.d473e6d2d6d0872c3f0b22749fc69c25.png
Breast/images/A_0492_1-LEFT_CC-tif_jpg.rf.d5ea036754a5578b0358751e67065ed3.jpg,/Breast/masks/A_0492_1-LEFT_CC-tif_jpg.rf.d5ea036754a5578b0358751e67065ed3.png
Breast/images/822670201_b12_C_LCC_UST-DIS_addb2_png_jpg.rf.dd4eb4235afc4463a8e3a08b4116d24c.jpg,/Breast/masks/822670201_b12_C_LCC_UST-DIS_addb2_png_jpg.rf.dd4eb4235afc4463a8e3a08b4116d24c.png
Breast/images/C_0478_1-LEFT_CC-tif_jpg.rf.da833a97683b45b4478aca153b999c6b.jpg,/Breast/masks/C_0478_1-LEFT_CC-tif_jpg.rf.da833a97683b45b4478aca153b999c6b.png
Breast/images/A_1149_1-LEFT_MLO-tif_jpg.rf.c32947fa91182cf646fbaf67ebbc467a.jpg,/Breast/masks/A_1149_1-LEFT_MLO-tif_jpg.rf.c32947fa91182cf646fbaf67ebbc467a.png
Breast/images/822670189_b12_C_LCC_BULGU-YOK_addb1_png_jpg.rf.d1377d13e88fd4c51956209f4dad41f4.jpg,/Breast/masks/822670189_b12_C_LCC_BULGU-YOK_addb1_png_jpg.rf.d1377d13e88fd4c51956209f4dad41f4.png
Breast/images/822670251_b12_D_LCC_BULGU-YOK_addb2_png_jpg.rf.ddb40f51750fa9aa8a75c2d8f799015e.jpg,/Breast/masks/822670251_b12_D_LCC_BULGU-YOK_addb2_png_jpg.rf.ddb40f51750fa9aa8a75c2d8f799015e.png
Breast/images/822670189_b12_C_LCC_BULGU-YOK_addb1_png_jpg.rf.ddf4b85eb1a623558aa4c2ab5c19e99d.jpg,/Breast/masks/822670189_b12_C_LCC_BULGU-YOK_addb1_png_jpg.rf.ddf4b85eb1a623558aa4c2ab5c19e99d.png
Breast/images/B_3100_1-LEFT_MLO-tif_jpg.rf.d2e0709ee67b97fd541036eb4deb5ccd.jpg,/Breast/masks/B_3100_1-LEFT_MLO-tif_jpg.rf.d2e0709ee67b97fd541036eb4deb5ccd.png
Breast/images/822670202_b12_D_RMLO_BULGU-YOK_addb2_png_jpg.rf.d4ea8dde7d10084cf34025e831a41c55.jpg,/Breast/masks/822670202_b12_D_RMLO_BULGU-YOK_addb2_png_jpg.rf.d4ea8dde7d10084cf34025e831a41c55.png
Breast/images/C_0134_1-LEFT_CC-tif_jpg.rf.ce06e2cea0ae8a839c1ab23305661c0a.jpg,/Breast/masks/C_0134_1-LEFT_CC-tif_jpg.rf.ce06e2cea0ae8a839c1ab23305661c0a.png
Breast/images/822670208_b12_C_LCC_UST-DIS_addb2_png_jpg.rf.d88b39925a0512aae7e8c11e14ebe849.jpg,/Breast/masks/822670208_b12_C_LCC_UST-DIS_addb2_png_jpg.rf.d88b39925a0512aae7e8c11e14ebe849.png
Breast/images/822670235_b12_C_RMLO_UST-DIS_addb2_png_jpg.rf.d5f3649d44611907a746c7fde61976ab.jpg,/Breast/masks/822670235_b12_C_RMLO_UST-DIS_addb2_png_jpg.rf.d5f3649d44611907a746c7fde61976ab.png
Breast/images/822670245_b12_C_LMLO_BULGU-YOK_addb1_png_jpg.rf.c2826517f7fbfb60b934bbc5e469b83b.jpg,/Breast/masks/822670245_b12_C_LMLO_BULGU-YOK_addb1_png_jpg.rf.c2826517f7fbfb60b934bbc5e469b83b.png
Breast/images/B_3100_1-LEFT_MLO-tif_jpg.rf.d901a76a045bf26dc64b8d00fdba553c.jpg,/Breast/masks/B_3100_1-LEFT_MLO-tif_jpg.rf.d901a76a045bf26dc64b8d00fdba553c.png
Breast/images/822670238_b12_C_LCC_UST-DIS_addb2_png_jpg.rf.dddebd89937b4c4ff581bcd3223f373c.jpg,/Breast/masks/822670238_b12_C_LCC_UST-DIS_addb2_png_jpg.rf.dddebd89937b4c4ff581bcd3223f373c.png
Breast/images/A_0466_1-LEFT_MLO-tif_jpg.rf.d660a6e8f136980bc4bf49bb92b5b16b.jpg,/Breast/masks/A_0466_1-LEFT_MLO-tif_jpg.rf.d660a6e8f136980bc4bf49bb92b5b16b.png
Breast/images/D_4032_1-RIGHT_CC-tif_jpg.rf.d5150d1a8b835915e6d14b095b28ddc0.jpg,/Breast/masks/D_4032_1-RIGHT_CC-tif_jpg.rf.d5150d1a8b835915e6d14b095b28ddc0.png
Breast/images/822670242_b12_C_RMLO_MERKEZ_addb2_png_jpg.rf.d17c6a807c3fbaf192630125714d84b7.jpg,/Breast/masks/822670242_b12_C_RMLO_MERKEZ_addb2_png_jpg.rf.d17c6a807c3fbaf192630125714d84b7.png
Breast/images/822670251_b12_D_RCC_UST-DIS_addb2_png_jpg.rf.df3fdb9fb1ae2df63b5b6a9ecd525f85.jpg,/Breast/masks/822670251_b12_D_RCC_UST-DIS_addb2_png_jpg.rf.df3fdb9fb1ae2df63b5b6a9ecd525f85.png
Breast/images/822670253_b12_C_RMLO_BULGU-YOK_addb1_png_jpg.rf.e984806477ff4f3a678ec1181012f09f.jpg,/Breast/masks/822670253_b12_C_RMLO_BULGU-YOK_addb1_png_jpg.rf.e984806477ff4f3a678ec1181012f09f.png
Breast/images/A_0525_1-LEFT_CC-tif_jpg.rf.e3b25307fc20ed5e7e3bec76f6b10063.jpg,/Breast/masks/A_0525_1-LEFT_CC-tif_jpg.rf.e3b25307fc20ed5e7e3bec76f6b10063.png
Breast/images/D_4097_1-RIGHT_MLO-tif_jpg.rf.d0e88cd358f0e444c2b98dde6c13174e.jpg,/Breast/masks/D_4097_1-RIGHT_MLO-tif_jpg.rf.d0e88cd358f0e444c2b98dde6c13174e.png
Breast/images/822670253_b12_C_RCC_BULGU-YOK_addb1_png_jpg.rf.e791e7b6982e11a7d5dcd5d98a789d37.jpg,/Breast/masks/822670253_b12_C_RCC_BULGU-YOK_addb1_png_jpg.rf.e791e7b6982e11a7d5dcd5d98a789d37.png
Breast/images/D_4573_1-LEFT_CC-tif_jpg.rf.e591dd4a278732524d330c8958c9e1cb.jpg,/Breast/masks/D_4573_1-LEFT_CC-tif_jpg.rf.e591dd4a278732524d330c8958c9e1cb.png
Breast/images/822670206_b12_C_RCC_BULGU-YOK_addb1_png_jpg.rf.ece2ec92bca68c94b50417d496f3633d.jpg,/Breast/masks/822670206_b12_C_RCC_BULGU-YOK_addb1_png_jpg.rf.ece2ec92bca68c94b50417d496f3633d.png
Breast/images/822670238_b12_C_LCC_UST-DIS_addb2_png_jpg.rf.e41429de95ac1f257554d3048e2ed28e.jpg,/Breast/masks/822670238_b12_C_LCC_UST-DIS_addb2_png_jpg.rf.e41429de95ac1f257554d3048e2ed28e.png
Breast/images/822670244_b12_C_LMLO_UST-DIS_addb2_png_jpg.rf.d98a8749ebc4c509aa413e676d108fb5.jpg,/Breast/masks/822670244_b12_C_LMLO_UST-DIS_addb2_png_jpg.rf.d98a8749ebc4c509aa413e676d108fb5.png
Breast/images/822670209_b12_C_RCC_BULGU-YOK_addb1_png_jpg.rf.eb30070a997eb818ad12d33373d8e723.jpg,/Breast/masks/822670209_b12_C_RCC_BULGU-YOK_addb1_png_jpg.rf.eb30070a997eb818ad12d33373d8e723.png
Breast/images/A_1862_1-LEFT_MLO-tif_jpg.rf.e213a76b1cbe258258fe25ac1473595e.jpg,/Breast/masks/A_1862_1-LEFT_MLO-tif_jpg.rf.e213a76b1cbe258258fe25ac1473595e.png
Breast/images/822670197_b00_D_LCC_MERKEZ_addb0_png_jpg.rf.e58e3ec1bc2c28fc3ecdd28f9c460f93.jpg,/Breast/masks/822670197_b00_D_LCC_MERKEZ_addb0_png_jpg.rf.e58e3ec1bc2c28fc3ecdd28f9c460f93.png
Breast/images/822670221_b12_C_RCC_MERKEZ_addb2_png_jpg.rf.f15be6716d6fdd252b87b938cc6e660d.jpg,/Breast/masks/822670221_b12_C_RCC_MERKEZ_addb2_png_jpg.rf.f15be6716d6fdd252b87b938cc6e660d.png
Breast/images/A_1554_1-RIGHT_MLO-tif_jpg.rf.e3206f1f6a21599cdb8b0224ff98f53d.jpg,/Breast/masks/A_1554_1-RIGHT_MLO-tif_jpg.rf.e3206f1f6a21599cdb8b0224ff98f53d.png
Breast/images/822670242_b12_C_LMLO_UST-DIS_addb2_png_jpg.rf.e9e3232d9bba874b9b8290bb374f121e.jpg,/Breast/masks/822670242_b12_C_LMLO_UST-DIS_addb2_png_jpg.rf.e9e3232d9bba874b9b8290bb374f121e.png
Breast/images/822670253_b12_C_LMLO_BULGU-YOK_addb1_png_jpg.rf.df03055728f96dfb42cb369fd3c28f15.jpg,/Breast/masks/822670253_b12_C_LMLO_BULGU-YOK_addb1_png_jpg.rf.df03055728f96dfb42cb369fd3c28f15.png
Breast/images/822670238_b12_C_RCC_BULGU-YOK_addb2_png_jpg.rf.f103b23be280b8dd3a82031b84660113.jpg,/Breast/masks/822670238_b12_C_RCC_BULGU-YOK_addb2_png_jpg.rf.f103b23be280b8dd3a82031b84660113.png
Breast/images/822670214_b12_D_LMLO_BULGU-YOK_addb1_png_jpg.rf.ed2ce25ce99521e6a791c1f0f918fabe.jpg,/Breast/masks/822670214_b12_D_LMLO_BULGU-YOK_addb1_png_jpg.rf.ed2ce25ce99521e6a791c1f0f918fabe.png
Breast/images/822670214_b12_D_RMLO_BULGU-YOK_addb1_png_jpg.rf.e4d542ecfb9dcbf1158a687beb2b7b1e.jpg,/Breast/masks/822670214_b12_D_RMLO_BULGU-YOK_addb1_png_jpg.rf.e4d542ecfb9dcbf1158a687beb2b7b1e.png
Breast/images/822670202_b12_D_LMLO_BULGU-YOK_addb2_png_jpg.rf.e39f802fe1541ed4bbb40302dd451ad3.jpg,/Breast/masks/822670202_b12_D_LMLO_BULGU-YOK_addb2_png_jpg.rf.e39f802fe1541ed4bbb40302dd451ad3.png
Breast/images/822670206_b12_C_RCC_BULGU-YOK_addb1_png_jpg.rf.eddce7d05cf672d83599e6783d7fe87d.jpg,/Breast/masks/822670206_b12_C_RCC_BULGU-YOK_addb1_png_jpg.rf.eddce7d05cf672d83599e6783d7fe87d.png
Breast/images/822670253_b12_C_LCC_BULGU-YOK_addb1_png_jpg.rf.eabf533a92b15bce530d8e7830d119e9.jpg,/Breast/masks/822670253_b12_C_LCC_BULGU-YOK_addb1_png_jpg.rf.eabf533a92b15bce530d8e7830d119e9.png
Breast/images/A_1201_1-RIGHT_MLO-tif_jpg.rf.eb1b354049418171fc99dee323ad353b.jpg,/Breast/masks/A_1201_1-RIGHT_MLO-tif_jpg.rf.eb1b354049418171fc99dee323ad353b.png
Breast/images/A_1187_1-LEFT_CC-tif_jpg.rf.ec5fb7dd67fecf3cf048b283b315225a.jpg,/Breast/masks/A_1187_1-LEFT_CC-tif_jpg.rf.ec5fb7dd67fecf3cf048b283b315225a.png
Breast/images/822670221_b12_C_LCC_BULGU-YOK_addb2_png_jpg.rf.f3860f8c696299e9232a7b4cf0e22022.jpg,/Breast/masks/822670221_b12_C_LCC_BULGU-YOK_addb2_png_jpg.rf.f3860f8c696299e9232a7b4cf0e22022.png
Breast/images/822670234_b00_D_RCC_UST-DIS_addb0_png_jpg.rf.f36d8f54321f21fa8a960ecac52c96b2.jpg,/Breast/masks/822670234_b00_D_RCC_UST-DIS_addb0_png_jpg.rf.f36d8f54321f21fa8a960ecac52c96b2.png
Breast/images/D_4609_1-RIGHT_CC-tif_jpg.rf.f838d3f85c6d53cae8ab011870331ed0.jpg,/Breast/masks/D_4609_1-RIGHT_CC-tif_jpg.rf.f838d3f85c6d53cae8ab011870331ed0.png
Breast/images/A_1168_1-LEFT_MLO-tif_jpg.rf.f4c64838bdc44951981c5aad6f82678c.jpg,/Breast/masks/A_1168_1-LEFT_MLO-tif_jpg.rf.f4c64838bdc44951981c5aad6f82678c.png
Breast/images/822670221_b12_C_RCC_MERKEZ_addb2_png_jpg.rf.ef3c0645db7a4bdda5db4520d1504b79.jpg,/Breast/masks/822670221_b12_C_RCC_MERKEZ_addb2_png_jpg.rf.ef3c0645db7a4bdda5db4520d1504b79.png
Breast/images/822670239_b12_D_RMLO_BULGU-YOK_addb2_png_jpg.rf.f74c9cd86d87ca021ce7c64d3e47e500.jpg,/Breast/masks/822670239_b12_D_RMLO_BULGU-YOK_addb2_png_jpg.rf.f74c9cd86d87ca021ce7c64d3e47e500.png
Breast/images/B_3449_1-RIGHT_CC-tif_jpg.rf.f45cf8ef4466fd1a7155595dd0c300c6.jpg,/Breast/masks/B_3449_1-RIGHT_CC-tif_jpg.rf.f45cf8ef4466fd1a7155595dd0c300c6.png
Breast/images/822670251_b12_D_LMLO_BULGU-YOK_addb2_png_jpg.rf.fe88a3f2bf32a56a3c16fbb52d8423c3.jpg,/Breast/masks/822670251_b12_D_LMLO_BULGU-YOK_addb2_png_jpg.rf.fe88a3f2bf32a56a3c16fbb52d8423c3.png
Breast/images/822670235_b12_C_LMLO_UST-DIS_addb2_png_jpg.rf.ff6c19955b37a1eb8b6efcf173bbd671.jpg,/Breast/masks/822670235_b12_C_LMLO_UST-DIS_addb2_png_jpg.rf.ff6c19955b37a1eb8b6efcf173bbd671.png
Breast/images/822670235_b12_C_LCC_UST-DIS_addb2_png_jpg.rf.fafe3c31c644eb4057046253a42f4d0e.jpg,/Breast/masks/822670235_b12_C_LCC_UST-DIS_addb2_png_jpg.rf.fafe3c31c644eb4057046253a42f4d0e.png
Breast/images/822670233_b12_C_RMLO_UST-DIS_addb2_png_jpg.rf.ff495712772c46af0f63d2b199aea75a.jpg,/Breast/masks/822670233_b12_C_RMLO_UST-DIS_addb2_png_jpg.rf.ff495712772c46af0f63d2b199aea75a.png
Breast/images/822670209_b12_C_LCC_BULGU-YOK_addb1_png_jpg.rf.0dcf68ce2f075c993c806dbd88cad231.jpg,/Breast/masks/822670209_b12_C_LCC_BULGU-YOK_addb1_png_jpg.rf.0dcf68ce2f075c993c806dbd88cad231.png
Breast/images/822670197_b00_D_RCC_MERKEZ_addb0_png_jpg.rf.0800c1b3561ea5c1ed7728c366faa156.jpg,/Breast/masks/822670197_b00_D_RCC_MERKEZ_addb0_png_jpg.rf.0800c1b3561ea5c1ed7728c366faa156.png
Breast/images/822670237_b00_D_LCC_UST-DIS_addb0_png_jpg.rf.09c93362c5d15c1efafaf1cf1a8adcab.jpg,/Breast/masks/822670237_b00_D_LCC_UST-DIS_addb0_png_jpg.rf.09c93362c5d15c1efafaf1cf1a8adcab.png
Breast/images/822670243_b12_D_RCC_BULGU-YOK_addb1_png_jpg.rf.035a9148dd5205646e924996ffa4ea39.jpg,/Breast/masks/822670243_b12_D_RCC_BULGU-YOK_addb1_png_jpg.rf.035a9148dd5205646e924996ffa4ea39.png
Breast/images/A_1512_1-RIGHT_CC-tif_jpg.rf.04c35a702be318cbc49c3b17c04955c9.jpg,/Breast/masks/A_1512_1-RIGHT_CC-tif_jpg.rf.04c35a702be318cbc49c3b17c04955c9.png
Breast/images/822670243_b12_D_LMLO_BULGU-YOK_addb1_png_jpg.rf.017b920063122b5d4ac3087a219989d2.jpg,/Breast/masks/822670243_b12_D_LMLO_BULGU-YOK_addb1_png_jpg.rf.017b920063122b5d4ac3087a219989d2.png
Breast/images/822670189_b12_C_RMLO_BULGU-YOK_addb1_png_jpg.rf.0309485d270be7ea44869547cd4abc18.jpg,/Breast/masks/822670189_b12_C_RMLO_BULGU-YOK_addb1_png_jpg.rf.0309485d270be7ea44869547cd4abc18.png
Breast/images/822670242_b12_C_LCC_UST-DIS_addb2_png_jpg.rf.08bb95bae4bcf680db39d5658c7aae5c.jpg,/Breast/masks/822670242_b12_C_LCC_UST-DIS_addb2_png_jpg.rf.08bb95bae4bcf680db39d5658c7aae5c.png
Breast/images/A_1016_1-RIGHT_CC-tif_jpg.rf.063f23f3f37338b9c3ebe21548e6265a.jpg,/Breast/masks/A_1016_1-RIGHT_CC-tif_jpg.rf.063f23f3f37338b9c3ebe21548e6265a.png
Breast/images/822670214_b12_D_RMLO_BULGU-YOK_addb1_png_jpg.rf.09d9e5e5884ceeca9d8465de7f769e6f.jpg,/Breast/masks/822670214_b12_D_RMLO_BULGU-YOK_addb1_png_jpg.rf.09d9e5e5884ceeca9d8465de7f769e6f.png
Breast/images/822670221_b12_C_LCC_BULGU-YOK_addb2_png_jpg.rf.0b09f5d1f3cb0edb5646733f710deca0.jpg,/Breast/masks/822670221_b12_C_LCC_BULGU-YOK_addb2_png_jpg.rf.0b09f5d1f3cb0edb5646733f710deca0.png
Breast/images/C_0364_1-LEFT_MLO-tif_jpg.rf.04c0dcb34502432fe781e842779bda64.jpg,/Breast/masks/C_0364_1-LEFT_MLO-tif_jpg.rf.04c0dcb34502432fe781e842779bda64.png
Breast/images/B_3021_1-RIGHT_CC-tif_jpg.rf.02e1de2202477e3be2cebb0fc8b59795.jpg,/Breast/masks/B_3021_1-RIGHT_CC-tif_jpg.rf.02e1de2202477e3be2cebb0fc8b59795.png
Breast/images/A_1801_1-LEFT_MLO-tif_jpg.rf.08aae9d669d4390d854421bed2196bfc.jpg,/Breast/masks/A_1801_1-LEFT_MLO-tif_jpg.rf.08aae9d669d4390d854421bed2196bfc.png
Breast/images/B_3449_1-RIGHT_CC-tif_jpg.rf.0be5ec68477fbb60c14a5e51e81b5203.jpg,/Breast/masks/B_3449_1-RIGHT_CC-tif_jpg.rf.0be5ec68477fbb60c14a5e51e81b5203.png
Breast/images/B_3100_1-LEFT_MLO-tif_jpg.rf.098fe9ff150c4e1532789acf6d8944c7.jpg,/Breast/masks/B_3100_1-LEFT_MLO-tif_jpg.rf.098fe9ff150c4e1532789acf6d8944c7.png
Breast/images/C_0205_1-LEFT_CC-tif_jpg.rf.03234e6df28880fcb4d1b595c28a43f7.jpg,/Breast/masks/C_0205_1-LEFT_CC-tif_jpg.rf.03234e6df28880fcb4d1b595c28a43f7.png
Breast/images/822670208_b12_C_LCC_UST-DIS_addb2_png_jpg.rf.138e4799b9bd4381aaf6ce2859a69fe2.jpg,/Breast/masks/822670208_b12_C_LCC_UST-DIS_addb2_png_jpg.rf.138e4799b9bd4381aaf6ce2859a69fe2.png
Breast/images/822670208_b12_C_LCC_UST-DIS_addb2_png_jpg.rf.0171c5f59177f3364cdffbce1a6939b5.jpg,/Breast/masks/822670208_b12_C_LCC_UST-DIS_addb2_png_jpg.rf.0171c5f59177f3364cdffbce1a6939b5.png
Breast/images/822670202_b12_D_LMLO_BULGU-YOK_addb2_png_jpg.rf.00880f07ac3383a9f710634292d36d88.jpg,/Breast/masks/822670202_b12_D_LMLO_BULGU-YOK_addb2_png_jpg.rf.00880f07ac3383a9f710634292d36d88.png
Breast/images/822670253_b12_C_RMLO_BULGU-YOK_addb1_png_jpg.rf.0d5eee1cde98bdb849ff7434191b0b2c.jpg,/Breast/masks/822670253_b12_C_RMLO_BULGU-YOK_addb1_png_jpg.rf.0d5eee1cde98bdb849ff7434191b0b2c.png
Breast/images/822670240_b12_C_RCC_UST-DIS_addb2_png_jpg.rf.0947277e868c93c3edb6ad89e781b75c.jpg,/Breast/masks/822670240_b12_C_RCC_UST-DIS_addb2_png_jpg.rf.0947277e868c93c3edb6ad89e781b75c.png
Breast/images/822670208_b12_C_RMLO_UST-DIS_addb2_png_jpg.rf.143d9066c45d9bcc2a00b03a5617b6e8.jpg,/Breast/masks/822670208_b12_C_RMLO_UST-DIS_addb2_png_jpg.rf.143d9066c45d9bcc2a00b03a5617b6e8.png
Breast/images/822670235_b12_C_RMLO_UST-DIS_addb2_png_jpg.rf.14bb9fe4c572d443dec2a7a76b835249.jpg,/Breast/masks/822670235_b12_C_RMLO_UST-DIS_addb2_png_jpg.rf.14bb9fe4c572d443dec2a7a76b835249.png
Breast/images/822670243_b12_D_LMLO_BULGU-YOK_addb1_png_jpg.rf.0b7f5eb8a0b7224ef447522609c81f7e.jpg,/Breast/masks/822670243_b12_D_LMLO_BULGU-YOK_addb1_png_jpg.rf.0b7f5eb8a0b7224ef447522609c81f7e.png
Breast/images/822670197_b00_D_LMLO_MERKEZ_addb0_png_jpg.rf.01323fdd6919bfc7c3914aaf9f60db9f.jpg,/Breast/masks/822670197_b00_D_LMLO_MERKEZ_addb0_png_jpg.rf.01323fdd6919bfc7c3914aaf9f60db9f.png
Breast/images/C_0231_1-RIGHT_CC-tif_jpg.rf.0b09f28fa0c2317f541ef796f80f4da9.jpg,/Breast/masks/C_0231_1-RIGHT_CC-tif_jpg.rf.0b09f28fa0c2317f541ef796f80f4da9.png
Breast/images/822670243_b12_D_RCC_BULGU-YOK_addb1_png_jpg.rf.14d1201fbfbac5c8525bb870d241c1ee.jpg,/Breast/masks/822670243_b12_D_RCC_BULGU-YOK_addb1_png_jpg.rf.14d1201fbfbac5c8525bb870d241c1ee.png
Breast/images/822670242_b12_C_LCC_UST-DIS_addb2_png_jpg.rf.161c4debe017abf012231afb31e1520d.jpg,/Breast/masks/822670242_b12_C_LCC_UST-DIS_addb2_png_jpg.rf.161c4debe017abf012231afb31e1520d.png
Breast/images/B_3449_1-RIGHT_CC-tif_jpg.rf.139ca146d2102617c05291de27a12e2c.jpg,/Breast/masks/B_3449_1-RIGHT_CC-tif_jpg.rf.139ca146d2102617c05291de27a12e2c.png
Breast/images/822670237_b00_D_LCC_UST-DIS_addb0_png_jpg.rf.140b13fc7e19058d1d1b145e7f96d8c7.jpg,/Breast/masks/822670237_b00_D_LCC_UST-DIS_addb0_png_jpg.rf.140b13fc7e19058d1d1b145e7f96d8c7.png
Breast/images/D_4097_1-RIGHT_MLO-tif_jpg.rf.171fba6fefa0fc75aca5ee6caa03a07a.jpg,/Breast/masks/D_4097_1-RIGHT_MLO-tif_jpg.rf.171fba6fefa0fc75aca5ee6caa03a07a.png
Breast/images/D_4097_1-RIGHT_MLO-tif_jpg.rf.15b0265887ea748a84ec345e7614c60a.jpg,/Breast/masks/D_4097_1-RIGHT_MLO-tif_jpg.rf.15b0265887ea748a84ec345e7614c60a.png
Breast/images/A_0501_1-RIGHT_MLO-tif_jpg.rf.11ed87259c44a4bcc41accc113317079.jpg,/Breast/masks/A_0501_1-RIGHT_MLO-tif_jpg.rf.11ed87259c44a4bcc41accc113317079.png
Breast/images/822670235_b12_C_RMLO_UST-DIS_addb2_png_jpg.rf.1963a722137c310cea7d452c0fda5bc8.jpg,/Breast/masks/822670235_b12_C_RMLO_UST-DIS_addb2_png_jpg.rf.1963a722137c310cea7d452c0fda5bc8.png
Breast/images/822670244_b12_C_LCC_UST-DIS_addb2_png_jpg.rf.1babaebe6fc86378e235e18909e2a267.jpg,/Breast/masks/822670244_b12_C_LCC_UST-DIS_addb2_png_jpg.rf.1babaebe6fc86378e235e18909e2a267.png
Breast/images/A_0525_1-LEFT_CC-tif_jpg.rf.19e746a5b1e93dfa64a30e247d6f0738.jpg,/Breast/masks/A_0525_1-LEFT_CC-tif_jpg.rf.19e746a5b1e93dfa64a30e247d6f0738.png
Breast/images/C_0065_1-LEFT_MLO-tif_jpg.rf.2081f7e886d0ff81b733d01879a57eea.jpg,/Breast/masks/C_0065_1-LEFT_MLO-tif_jpg.rf.2081f7e886d0ff81b733d01879a57eea.png
Breast/images/822670197_b00_D_RCC_MERKEZ_addb0_png_jpg.rf.0e5399d64cf6ea616e122ba4134ad8c6.jpg,/Breast/masks/822670197_b00_D_RCC_MERKEZ_addb0_png_jpg.rf.0e5399d64cf6ea616e122ba4134ad8c6.png
Breast/images/822670242_b12_C_LMLO_UST-DIS_addb2_png_jpg.rf.188048b54073f3db4765c833542922f6.jpg,/Breast/masks/822670242_b12_C_LMLO_UST-DIS_addb2_png_jpg.rf.188048b54073f3db4765c833542922f6.png
Breast/images/822670253_b12_C_LCC_BULGU-YOK_addb1_png_jpg.rf.206d3dc6a6d57951f87020ad40da0ec1.jpg,/Breast/masks/822670253_b12_C_LCC_BULGU-YOK_addb1_png_jpg.rf.206d3dc6a6d57951f87020ad40da0ec1.png
Breast/images/822670208_b12_C_RCC_UST-DIS_addb2_png_jpg.rf.1ccbdf8096ed62f88671d3701a965643.jpg,/Breast/masks/822670208_b12_C_RCC_UST-DIS_addb2_png_jpg.rf.1ccbdf8096ed62f88671d3701a965643.png
Breast/images/822670240_b12_C_LCC_UST-DIS_addb2_png_jpg.rf.0752197afd6bdfed1db1a38b933192d1.jpg,/Breast/masks/822670240_b12_C_LCC_UST-DIS_addb2_png_jpg.rf.0752197afd6bdfed1db1a38b933192d1.png
Breast/images/822670202_b12_D_RMLO_BULGU-YOK_addb2_png_jpg.rf.107b43f8dd3ad8a96e3ae5ba7bddc2c6.jpg,/Breast/masks/822670202_b12_D_RMLO_BULGU-YOK_addb2_png_jpg.rf.107b43f8dd3ad8a96e3ae5ba7bddc2c6.png
Breast/images/A_1919_1-RIGHT_MLO-tif_jpg.rf.153a292cba13f3e1c86e907221412e5e.jpg,/Breast/masks/A_1919_1-RIGHT_MLO-tif_jpg.rf.153a292cba13f3e1c86e907221412e5e.png
Breast/images/822670239_b12_D_LCC_UST-DIS_addb2_png_jpg.rf.2173cfbfa3b6434b76476ed239568bb3.jpg,/Breast/masks/822670239_b12_D_LCC_UST-DIS_addb2_png_jpg.rf.2173cfbfa3b6434b76476ed239568bb3.png
Breast/images/822670209_b12_C_LCC_BULGU-YOK_addb1_png_jpg.rf.1f6d4ef0a0c8dda2424429dd7fba7660.jpg,/Breast/masks/822670209_b12_C_LCC_BULGU-YOK_addb1_png_jpg.rf.1f6d4ef0a0c8dda2424429dd7fba7660.png
Breast/images/B_3601_1-RIGHT_MLO-tif_jpg.rf.1acf4984780e06129c6352235380a3a5.jpg,/Breast/masks/B_3601_1-RIGHT_MLO-tif_jpg.rf.1acf4984780e06129c6352235380a3a5.png
Breast/images/A_1391_1-LEFT_MLO-tif_jpg.rf.206eedb01c1dcad0f66ad1701690b697.jpg,/Breast/masks/A_1391_1-LEFT_MLO-tif_jpg.rf.206eedb01c1dcad0f66ad1701690b697.png
Breast/images/822670244_b12_C_LCC_UST-DIS_addb2_png_jpg.rf.14e4a3c0c185d96ab482837d6c94e15c.jpg,/Breast/masks/822670244_b12_C_LCC_UST-DIS_addb2_png_jpg.rf.14e4a3c0c185d96ab482837d6c94e15c.png
Breast/images/C_0494_1-LEFT_CC-tif_jpg.rf.192fa8d34522d28ceac6c9da4c776595.jpg,/Breast/masks/C_0494_1-LEFT_CC-tif_jpg.rf.192fa8d34522d28ceac6c9da4c776595.png
Breast/images/822670221_b12_C_LMLO_BULGU-YOK_addb2_png_jpg.rf.21e7ea101c83d27ed7a76576cd66385e.jpg,/Breast/masks/822670221_b12_C_LMLO_BULGU-YOK_addb2_png_jpg.rf.21e7ea101c83d27ed7a76576cd66385e.png
Breast/images/A_0335_1-LEFT_MLO-tif_jpg.rf.16c9b90eceb84b8d9900748df3dc756d.jpg,/Breast/masks/A_0335_1-LEFT_MLO-tif_jpg.rf.16c9b90eceb84b8d9900748df3dc756d.png
Breast/images/A_1134_1-RIGHT_MLO-tif_jpg.rf.21bddd25ab055a1965963f60408d4e6a.jpg,/Breast/masks/A_1134_1-RIGHT_MLO-tif_jpg.rf.21bddd25ab055a1965963f60408d4e6a.png
Breast/images/822670251_b12_D_RMLO_UST-DIS_addb2_png_jpg.rf.218d8e1743c0dde329d2b49843ad2265.jpg,/Breast/masks/822670251_b12_D_RMLO_UST-DIS_addb2_png_jpg.rf.218d8e1743c0dde329d2b49843ad2265.png
Breast/images/822670238_b12_C_LCC_UST-DIS_addb2_png_jpg.rf.25bd8333a2f61b876a90b1d9a1cda6fd.jpg,/Breast/masks/822670238_b12_C_LCC_UST-DIS_addb2_png_jpg.rf.25bd8333a2f61b876a90b1d9a1cda6fd.png
Breast/images/822670189_b12_C_RCC_BULGU-YOK_addb1_png_jpg.rf.23292fa9d595b748361031201a742f30.jpg,/Breast/masks/822670189_b12_C_RCC_BULGU-YOK_addb1_png_jpg.rf.23292fa9d595b748361031201a742f30.png
Breast/images/822670243_b12_D_RMLO_BULGU-YOK_addb1_png_jpg.rf.2781b9ceaedf881034dc1a8e1383f604.jpg,/Breast/masks/822670243_b12_D_RMLO_BULGU-YOK_addb1_png_jpg.rf.2781b9ceaedf881034dc1a8e1383f604.png
Breast/images/C_0066_1-RIGHT_MLO-tif_jpg.rf.18e6f3730218f96e91cbce86f2d9b8a0.jpg,/Breast/masks/C_0066_1-RIGHT_MLO-tif_jpg.rf.18e6f3730218f96e91cbce86f2d9b8a0.png
Breast/images/822670237_b00_D_LMLO_UST-DIS_addb0_png_jpg.rf.2bbcc29f3e1213a52005c254a6b8fd41.jpg,/Breast/masks/822670237_b00_D_LMLO_UST-DIS_addb0_png_jpg.rf.2bbcc29f3e1213a52005c254a6b8fd41.png
Breast/images/822670201_b12_C_LMLO_UST-DIS_addb2_png_jpg.rf.261c94b29563f75772fc1cfe0c732e35.jpg,/Breast/masks/822670201_b12_C_LMLO_UST-DIS_addb2_png_jpg.rf.261c94b29563f75772fc1cfe0c732e35.png
Breast/images/822670202_b12_D_LMLO_BULGU-YOK_addb2_png_jpg.rf.294c3e3f469de85725f89b58c55a495d.jpg,/Breast/masks/822670202_b12_D_LMLO_BULGU-YOK_addb2_png_jpg.rf.294c3e3f469de85725f89b58c55a495d.png
Breast/images/822670243_b12_D_RCC_BULGU-YOK_addb1_png_jpg.rf.271b12e0a4a692acf5445feaf797c4d7.jpg,/Breast/masks/822670243_b12_D_RCC_BULGU-YOK_addb1_png_jpg.rf.271b12e0a4a692acf5445feaf797c4d7.png
Breast/images/822670238_b12_C_RCC_BULGU-YOK_addb2_png_jpg.rf.27dab49897aac0835556a54793f252f9.jpg,/Breast/masks/822670238_b12_C_RCC_BULGU-YOK_addb2_png_jpg.rf.27dab49897aac0835556a54793f252f9.png
Breast/images/822670209_b12_C_RCC_BULGU-YOK_addb1_png_jpg.rf.2b5a75f9388e86d135bd8c9a688507c7.jpg,/Breast/masks/822670209_b12_C_RCC_BULGU-YOK_addb1_png_jpg.rf.2b5a75f9388e86d135bd8c9a688507c7.png
Breast/images/822670251_b12_D_RMLO_UST-DIS_addb2_png_jpg.rf.2ee63989238ec027d8adafd914f57bef.jpg,/Breast/masks/822670251_b12_D_RMLO_UST-DIS_addb2_png_jpg.rf.2ee63989238ec027d8adafd914f57bef.png
Breast/images/822670214_b12_D_LMLO_BULGU-YOK_addb1_png_jpg.rf.2c01359b7346fed1b8613ba334c23884.jpg,/Breast/masks/822670214_b12_D_LMLO_BULGU-YOK_addb1_png_jpg.rf.2c01359b7346fed1b8613ba334c23884.png
Breast/images/822670235_b12_C_LMLO_UST-DIS_addb2_png_jpg.rf.2c62ce0a471a50fc994a01c086076aff.jpg,/Breast/masks/822670235_b12_C_LMLO_UST-DIS_addb2_png_jpg.rf.2c62ce0a471a50fc994a01c086076aff.png
Breast/images/822670253_b12_C_RCC_BULGU-YOK_addb1_png_jpg.rf.2e064d9398e434b675be186c95db929f.jpg,/Breast/masks/822670253_b12_C_RCC_BULGU-YOK_addb1_png_jpg.rf.2e064d9398e434b675be186c95db929f.png
Breast/images/B_3636_1-LEFT_CC-tif_jpg.rf.2fdd2a0533b24ef990b4f5a4965e5605.jpg,/Breast/masks/B_3636_1-LEFT_CC-tif_jpg.rf.2fdd2a0533b24ef990b4f5a4965e5605.png
Breast/images/822670221_b12_C_LMLO_BULGU-YOK_addb2_png_jpg.rf.26712c66bc3db78b393c9fdbbe5444a7.jpg,/Breast/masks/822670221_b12_C_LMLO_BULGU-YOK_addb2_png_jpg.rf.26712c66bc3db78b393c9fdbbe5444a7.png
Breast/images/822670243_b12_D_RMLO_BULGU-YOK_addb1_png_jpg.rf.23a4857a2449ceac1cdd7233ea2a6030.jpg,/Breast/masks/822670243_b12_D_RMLO_BULGU-YOK_addb1_png_jpg.rf.23a4857a2449ceac1cdd7233ea2a6030.png
Breast/images/A_1554_1-RIGHT_MLO-tif_jpg.rf.2bdcfaeeb490938c7387112c14326aae.jpg,/Breast/masks/A_1554_1-RIGHT_MLO-tif_jpg.rf.2bdcfaeeb490938c7387112c14326aae.png
Breast/images/C_0494_1-LEFT_CC-tif_jpg.rf.2916d3f644de2a7ef5709ed350cf66b8.jpg,/Breast/masks/C_0494_1-LEFT_CC-tif_jpg.rf.2916d3f644de2a7ef5709ed350cf66b8.png
Breast/images/B_3610_1-RIGHT_MLO-tif_jpg.rf.31a5b26019368ba3494e1137f44a7de0.jpg,/Breast/masks/B_3610_1-RIGHT_MLO-tif_jpg.rf.31a5b26019368ba3494e1137f44a7de0.png
Breast/images/A_1187_1-LEFT_CC-tif_jpg.rf.31a2eaec443c50602e9f45d7d7a9ff0f.jpg,/Breast/masks/A_1187_1-LEFT_CC-tif_jpg.rf.31a2eaec443c50602e9f45d7d7a9ff0f.png
Breast/images/822670245_b12_C_RMLO_BULGU-YOK_addb1_png_jpg.rf.332b8160a1344e20568c039541dd277c.jpg,/Breast/masks/822670245_b12_C_RMLO_BULGU-YOK_addb1_png_jpg.rf.332b8160a1344e20568c039541dd277c.png
Breast/images/C_0490_1-RIGHT_MLO-tif_jpg.rf.3601554aabab831c985e0a1418cd2251.jpg,/Breast/masks/C_0490_1-RIGHT_MLO-tif_jpg.rf.3601554aabab831c985e0a1418cd2251.png
Breast/images/A_1201_1-RIGHT_MLO-tif_jpg.rf.2490cd9d4f01f356a4543a78ef42e9e2.jpg,/Breast/masks/A_1201_1-RIGHT_MLO-tif_jpg.rf.2490cd9d4f01f356a4543a78ef42e9e2.png
Breast/images/822670214_b12_D_RMLO_BULGU-YOK_addb1_png_jpg.rf.31f7dd536240432f81fc1f6d5e9e4066.jpg,/Breast/masks/822670214_b12_D_RMLO_BULGU-YOK_addb1_png_jpg.rf.31f7dd536240432f81fc1f6d5e9e4066.png
Breast/images/822670208_b12_C_RCC_UST-DIS_addb2_png_jpg.rf.36aa3f96bb799dbfa53c8a62990defdf.jpg,/Breast/masks/822670208_b12_C_RCC_UST-DIS_addb2_png_jpg.rf.36aa3f96bb799dbfa53c8a62990defdf.png
Breast/images/C_0364_1-LEFT_MLO-tif_jpg.rf.290c45febdbfbef92a9a1dd99c9dbfa4.jpg,/Breast/masks/C_0364_1-LEFT_MLO-tif_jpg.rf.290c45febdbfbef92a9a1dd99c9dbfa4.png
Breast/images/A_1187_1-LEFT_CC-tif_jpg.rf.3865ddc5da9d504cc9909ce2cc810de1.jpg,/Breast/masks/A_1187_1-LEFT_CC-tif_jpg.rf.3865ddc5da9d504cc9909ce2cc810de1.png
Breast/images/D_4573_1-LEFT_CC-tif_jpg.rf.3434ed87bb010a1507a59ee825388c11.jpg,/Breast/masks/D_4573_1-LEFT_CC-tif_jpg.rf.3434ed87bb010a1507a59ee825388c11.png
Breast/images/A_1992_1-LEFT_CC-tif_jpg.rf.35c99f4889979ed3bb32e409d7b914cb.jpg,/Breast/masks/A_1992_1-LEFT_CC-tif_jpg.rf.35c99f4889979ed3bb32e409d7b914cb.png
Breast/images/822670233_b12_C_LCC_MERKEZ_addb2_png_jpg.rf.38772f9da87fa3e2303fe7daa7e02159.jpg,/Breast/masks/822670233_b12_C_LCC_MERKEZ_addb2_png_jpg.rf.38772f9da87fa3e2303fe7daa7e02159.png
Breast/images/A_0335_1-LEFT_MLO-tif_jpg.rf.387606f7937a52d5d46929e336ce748a.jpg,/Breast/masks/A_0335_1-LEFT_MLO-tif_jpg.rf.387606f7937a52d5d46929e336ce748a.png
Breast/images/822670240_b12_C_RMLO_UST-DIS_addb2_png_jpg.rf.393dd37b308bdaaeda0655af02fa6185.jpg,/Breast/masks/822670240_b12_C_RMLO_UST-DIS_addb2_png_jpg.rf.393dd37b308bdaaeda0655af02fa6185.png
Breast/images/822670239_b12_D_LCC_UST-DIS_addb2_png_jpg.rf.3aad533f5b6c6bd11dd2a0394b57cf65.jpg,/Breast/masks/822670239_b12_D_LCC_UST-DIS_addb2_png_jpg.rf.3aad533f5b6c6bd11dd2a0394b57cf65.png
Breast/images/B_3072_1-LEFT_MLO-tif_jpg.rf.2ae9274ee35ed012115e84da3d2f760d.jpg,/Breast/masks/B_3072_1-LEFT_MLO-tif_jpg.rf.2ae9274ee35ed012115e84da3d2f760d.png
Breast/images/822670233_b12_C_LCC_MERKEZ_addb2_png_jpg.rf.3ebf242ecb57f7f2bfea045cae7fd0d8.jpg,/Breast/masks/822670233_b12_C_LCC_MERKEZ_addb2_png_jpg.rf.3ebf242ecb57f7f2bfea045cae7fd0d8.png
Breast/images/A_1016_1-RIGHT_CC-tif_jpg.rf.390c4454ede1907c967669e4def13117.jpg,/Breast/masks/A_1016_1-RIGHT_CC-tif_jpg.rf.390c4454ede1907c967669e4def13117.png
Breast/images/B_3021_1-RIGHT_CC-tif_jpg.rf.355d5d7b33d86db0dc5fb367de61ec28.jpg,/Breast/masks/B_3021_1-RIGHT_CC-tif_jpg.rf.355d5d7b33d86db0dc5fb367de61ec28.png
Breast/images/822670235_b12_C_LMLO_UST-DIS_addb2_png_jpg.rf.3b5ec90fcc350a12577b8982f262488e.jpg,/Breast/masks/822670235_b12_C_LMLO_UST-DIS_addb2_png_jpg.rf.3b5ec90fcc350a12577b8982f262488e.png
Breast/images/822670208_b12_C_RMLO_UST-DIS_addb2_png_jpg.rf.3ce37e10f4c5ff0a6819ae6ce5ea340e.jpg,/Breast/masks/822670208_b12_C_RMLO_UST-DIS_addb2_png_jpg.rf.3ce37e10f4c5ff0a6819ae6ce5ea340e.png
Breast/images/822670188_b00_D_RCC_BULGU-YOK_addb0_png_jpg.rf.2b749b27b3a82ddd92d54a2c13884ebd.jpg,/Breast/masks/822670188_b00_D_RCC_BULGU-YOK_addb0_png_jpg.rf.2b749b27b3a82ddd92d54a2c13884ebd.png
Breast/images/822670208_b12_C_RCC_UST-DIS_addb2_png_jpg.rf.3f89d7720ed3c0111672e7dc6a53e1e3.jpg,/Breast/masks/822670208_b12_C_RCC_UST-DIS_addb2_png_jpg.rf.3f89d7720ed3c0111672e7dc6a53e1e3.png
Breast/images/A_0466_1-LEFT_MLO-tif_jpg.rf.41d4f67ab0946317218a28e8f738d873.jpg,/Breast/masks/A_0466_1-LEFT_MLO-tif_jpg.rf.41d4f67ab0946317218a28e8f738d873.png
Breast/images/822670244_b12_C_LMLO_UST-DIS_addb2_png_jpg.rf.33d2a7a3135bd3f62ea153f46f98e0d8.jpg,/Breast/masks/822670244_b12_C_LMLO_UST-DIS_addb2_png_jpg.rf.33d2a7a3135bd3f62ea153f46f98e0d8.png
Breast/images/D_4594_1-RIGHT_CC-tif_jpg.rf.30334d110b5993a33bb8e52f6bd0d57b.jpg,/Breast/masks/D_4594_1-RIGHT_CC-tif_jpg.rf.30334d110b5993a33bb8e52f6bd0d57b.png
Breast/images/A_0604_1-LEFT_MLO-tif_jpg.rf.360c641d69ba4c4341a09039722666b0.jpg,/Breast/masks/A_0604_1-LEFT_MLO-tif_jpg.rf.360c641d69ba4c4341a09039722666b0.png
Breast/images/822670234_b00_D_RMLO_UST-DIS_addb0_png_jpg.rf.48f825f0a0066864755c1f2f4e008f50.jpg,/Breast/masks/822670234_b00_D_RMLO_UST-DIS_addb0_png_jpg.rf.48f825f0a0066864755c1f2f4e008f50.png
Breast/images/B_3072_1-LEFT_MLO-tif_jpg.rf.3c1ba8383aa17c29a4c86fd1821c18a8.jpg,/Breast/masks/B_3072_1-LEFT_MLO-tif_jpg.rf.3c1ba8383aa17c29a4c86fd1821c18a8.png
Breast/images/822670253_b12_C_LMLO_BULGU-YOK_addb1_png_jpg.rf.3d224a6b803cfc65b0b92751db921cb1.jpg,/Breast/masks/822670253_b12_C_LMLO_BULGU-YOK_addb1_png_jpg.rf.3d224a6b803cfc65b0b92751db921cb1.png
Breast/images/A_1134_1-RIGHT_MLO-tif_jpg.rf.43a8bec53450cb1a45a1c9103d74d1ac.jpg,/Breast/masks/A_1134_1-RIGHT_MLO-tif_jpg.rf.43a8bec53450cb1a45a1c9103d74d1ac.png
Breast/images/822670251_b12_D_LCC_BULGU-YOK_addb2_png_jpg.rf.448a62e0f17ca47e6e5178647822b14f.jpg,/Breast/masks/822670251_b12_D_LCC_BULGU-YOK_addb2_png_jpg.rf.448a62e0f17ca47e6e5178647822b14f.png
Breast/images/822670240_b12_C_RCC_UST-DIS_addb2_png_jpg.rf.4a4f1a4de8a2bb0f30adbfde17ec91c2.jpg,/Breast/masks/822670240_b12_C_RCC_UST-DIS_addb2_png_jpg.rf.4a4f1a4de8a2bb0f30adbfde17ec91c2.png
Breast/images/822670243_b12_D_RMLO_BULGU-YOK_addb1_png_jpg.rf.3ad4d810c6ddd691b210faac83e891f4.jpg,/Breast/masks/822670243_b12_D_RMLO_BULGU-YOK_addb1_png_jpg.rf.3ad4d810c6ddd691b210faac83e891f4.png
Breast/images/822670206_b12_C_RMLO_BULGU-YOK_addb1_png_jpg.rf.4a4270a6b5d6c1d7c8c3f5e8583811ef.jpg,/Breast/masks/822670206_b12_C_RMLO_BULGU-YOK_addb1_png_jpg.rf.4a4270a6b5d6c1d7c8c3f5e8583811ef.png
Breast/images/A_1862_1-LEFT_MLO-tif_jpg.rf.43b7ef7f294830847a3b160386dcc6cf.jpg,/Breast/masks/A_1862_1-LEFT_MLO-tif_jpg.rf.43b7ef7f294830847a3b160386dcc6cf.png
Breast/images/822670197_b00_D_RCC_MERKEZ_addb0_png_jpg.rf.4289c9635b8be12c718826e0445cc939.jpg,/Breast/masks/822670197_b00_D_RCC_MERKEZ_addb0_png_jpg.rf.4289c9635b8be12c718826e0445cc939.png
Breast/images/A_1992_1-LEFT_CC-tif_jpg.rf.4a88f6e694f599b9d2441726036910bd.jpg,/Breast/masks/A_1992_1-LEFT_CC-tif_jpg.rf.4a88f6e694f599b9d2441726036910bd.png
Breast/images/B_3072_1-LEFT_MLO-tif_jpg.rf.45342c314911ea04aab62ee61bad83f7.jpg,/Breast/masks/B_3072_1-LEFT_MLO-tif_jpg.rf.45342c314911ea04aab62ee61bad83f7.png
Breast/images/822670189_b12_C_RCC_BULGU-YOK_addb1_png_jpg.rf.4d0bf9b856db77ea2f8794057cf99a97.jpg,/Breast/masks/822670189_b12_C_RCC_BULGU-YOK_addb1_png_jpg.rf.4d0bf9b856db77ea2f8794057cf99a97.png
Breast/images/822670255_b12_C_RCC_MERKEZ_addb2_png_jpg.rf.4d73561eaeec4dc7885063ea2eceacf7.jpg,/Breast/masks/822670255_b12_C_RCC_MERKEZ_addb2_png_jpg.rf.4d73561eaeec4dc7885063ea2eceacf7.png
Breast/images/822670189_b12_C_LMLO_BULGU-YOK_addb1_png_jpg.rf.4e4551ad6c61a95bad71c410fa76f868.jpg,/Breast/masks/822670189_b12_C_LMLO_BULGU-YOK_addb1_png_jpg.rf.4e4551ad6c61a95bad71c410fa76f868.png
Breast/images/822670239_b12_D_RMLO_BULGU-YOK_addb2_png_jpg.rf.4ab927757ee43f535c1d6b97657c9216.jpg,/Breast/masks/822670239_b12_D_RMLO_BULGU-YOK_addb2_png_jpg.rf.4ab927757ee43f535c1d6b97657c9216.png
Breast/images/A_1467_1-LEFT_CC-tif_jpg.rf.4b6bfcf50619d39473e567f878385066.jpg,/Breast/masks/A_1467_1-LEFT_CC-tif_jpg.rf.4b6bfcf50619d39473e567f878385066.png
Breast/images/822670244_b12_C_LCC_UST-DIS_addb2_png_jpg.rf.5506e1034a3c7a56b382a6e725dae019.jpg,/Breast/masks/822670244_b12_C_LCC_UST-DIS_addb2_png_jpg.rf.5506e1034a3c7a56b382a6e725dae019.png
Breast/images/822670201_b12_C_RCC_UST-DIS_addb2_png_jpg.rf.49e25c0cb3804effb5af69f6b5bc78ff.jpg,/Breast/masks/822670201_b12_C_RCC_UST-DIS_addb2_png_jpg.rf.49e25c0cb3804effb5af69f6b5bc78ff.png
Breast/images/C_0280_1-RIGHT_CC-tif_jpg.rf.411f012f406e2646617899e1fdab7691.jpg,/Breast/masks/C_0280_1-RIGHT_CC-tif_jpg.rf.411f012f406e2646617899e1fdab7691.png
Breast/images/A_1919_1-RIGHT_MLO-tif_jpg.rf.4a47ed9072a4f810f820c1e0d7bb995e.jpg,/Breast/masks/A_1919_1-RIGHT_MLO-tif_jpg.rf.4a47ed9072a4f810f820c1e0d7bb995e.png
Breast/images/822670188_b00_D_LCC_MERKEZ_addb0_png_jpg.rf.4b431c896b7f12f7981934fc60e8901f.jpg,/Breast/masks/822670188_b00_D_LCC_MERKEZ_addb0_png_jpg.rf.4b431c896b7f12f7981934fc60e8901f.png
Breast/images/A_1735_1-LEFT_MLO-tif_jpg.rf.5183cb99a1ee2fd717615f887b900157.jpg,/Breast/masks/A_1735_1-LEFT_MLO-tif_jpg.rf.5183cb99a1ee2fd717615f887b900157.png
Breast/images/822670242_b12_C_LMLO_UST-DIS_addb2_png_jpg.rf.4f0b6bd0fdad36b95f3738a1dcb8348d.jpg,/Breast/masks/822670242_b12_C_LMLO_UST-DIS_addb2_png_jpg.rf.4f0b6bd0fdad36b95f3738a1dcb8348d.png
Breast/images/A_1149_1-LEFT_MLO-tif_jpg.rf.5389e2aea358ab375a2494be20b24e60.jpg,/Breast/masks/A_1149_1-LEFT_MLO-tif_jpg.rf.5389e2aea358ab375a2494be20b24e60.png
Breast/images/822670201_b12_C_LMLO_UST-DIS_addb2_png_jpg.rf.4ad518ba4449e588d487d53206dd9c39.jpg,/Breast/masks/822670201_b12_C_LMLO_UST-DIS_addb2_png_jpg.rf.4ad518ba4449e588d487d53206dd9c39.png
Breast/images/C_0402_1-LEFT_CC-tif_jpg.rf.4799934f7f62800ebe96d6445984600c.jpg,/Breast/masks/C_0402_1-LEFT_CC-tif_jpg.rf.4799934f7f62800ebe96d6445984600c.png
Breast/images/A_1168_1-LEFT_MLO-tif_jpg.rf.5640f8a68b2cb99775933ff24df4412c.jpg,/Breast/masks/A_1168_1-LEFT_MLO-tif_jpg.rf.5640f8a68b2cb99775933ff24df4412c.png
Breast/images/A_1919_1-RIGHT_MLO-tif_jpg.rf.4c6750078dd4d9514055c781d37f6330.jpg,/Breast/masks/A_1919_1-RIGHT_MLO-tif_jpg.rf.4c6750078dd4d9514055c781d37f6330.png
Breast/images/822670209_b12_C_RCC_BULGU-YOK_addb1_png_jpg.rf.5168d58cafb1aadd279f74788d61334f.jpg,/Breast/masks/822670209_b12_C_RCC_BULGU-YOK_addb1_png_jpg.rf.5168d58cafb1aadd279f74788d61334f.png
Breast/images/822670214_b12_D_LCC_BULGU-YOK_addb1_png_jpg.rf.589031c24b475aeef759211ab68cae6d.jpg,/Breast/masks/822670214_b12_D_LCC_BULGU-YOK_addb1_png_jpg.rf.589031c24b475aeef759211ab68cae6d.png
Breast/images/C_0280_1-RIGHT_CC-tif_jpg.rf.4a2f86550fd17afce4dd59657d72d4a5.jpg,/Breast/masks/C_0280_1-RIGHT_CC-tif_jpg.rf.4a2f86550fd17afce4dd59657d72d4a5.png
Breast/images/822670245_b12_C_LMLO_BULGU-YOK_addb1_png_jpg.rf.518c36ddadcb43251e964af62085da61.jpg,/Breast/masks/822670245_b12_C_LMLO_BULGU-YOK_addb1_png_jpg.rf.518c36ddadcb43251e964af62085da61.png
Breast/images/C_0065_1-LEFT_MLO-tif_jpg.rf.56472188d295c62346dddc382130eddf.jpg,/Breast/masks/C_0065_1-LEFT_MLO-tif_jpg.rf.56472188d295c62346dddc382130eddf.png
Breast/images/A_1016_1-RIGHT_CC-tif_jpg.rf.589f14ad3738218ec62c0db575e4c9a1.jpg,/Breast/masks/A_1016_1-RIGHT_CC-tif_jpg.rf.589f14ad3738218ec62c0db575e4c9a1.png
Breast/images/822670226_b12_C_LMLO_BULGU-YOK_addb2_png_jpg.rf.4e009b377298e0a08a15ba362872eba0.jpg,/Breast/masks/822670226_b12_C_LMLO_BULGU-YOK_addb2_png_jpg.rf.4e009b377298e0a08a15ba362872eba0.png
Breast/images/A_0271_1-LEFT_MLO-tif_jpg.rf.57bbd455c5e1c83397941e12010ad732.jpg,/Breast/masks/A_0271_1-LEFT_MLO-tif_jpg.rf.57bbd455c5e1c83397941e12010ad732.png
Breast/images/822670251_b12_D_LCC_BULGU-YOK_addb2_png_jpg.rf.4364a7427e02ebdbbb0a8cf25e661959.jpg,/Breast/masks/822670251_b12_D_LCC_BULGU-YOK_addb2_png_jpg.rf.4364a7427e02ebdbbb0a8cf25e661959.png
Breast/images/822670237_b00_D_LMLO_UST-DIS_addb0_png_jpg.rf.597b9c76df3fa61d5e2dd5b043fb12ee.jpg,/Breast/masks/822670237_b00_D_LMLO_UST-DIS_addb0_png_jpg.rf.597b9c76df3fa61d5e2dd5b043fb12ee.png
Breast/images/822670189_b12_C_LMLO_BULGU-YOK_addb1_png_jpg.rf.59492b097b5e14160f827a268e8336c4.jpg,/Breast/masks/822670189_b12_C_LMLO_BULGU-YOK_addb1_png_jpg.rf.59492b097b5e14160f827a268e8336c4.png
Breast/images/822670235_b12_C_LCC_UST-DIS_addb2_png_jpg.rf.5bb3dde8edf93ca7b714577b88b89984.jpg,/Breast/masks/822670235_b12_C_LCC_UST-DIS_addb2_png_jpg.rf.5bb3dde8edf93ca7b714577b88b89984.png
Breast/images/822670251_b12_D_LMLO_BULGU-YOK_addb2_png_jpg.rf.4ddef773e5c7cb2dccf6fea90766ebe7.jpg,/Breast/masks/822670251_b12_D_LMLO_BULGU-YOK_addb2_png_jpg.rf.4ddef773e5c7cb2dccf6fea90766ebe7.png
Breast/images/822670189_b12_C_RCC_BULGU-YOK_addb1_png_jpg.rf.5d87e9a194a750518572943929f136e8.jpg,/Breast/masks/822670189_b12_C_RCC_BULGU-YOK_addb1_png_jpg.rf.5d87e9a194a750518572943929f136e8.png
Breast/images/822670221_b12_C_LCC_BULGU-YOK_addb2_png_jpg.rf.5935b22c779b4f5d2f2288d555737bd3.jpg,/Breast/masks/822670221_b12_C_LCC_BULGU-YOK_addb2_png_jpg.rf.5935b22c779b4f5d2f2288d555737bd3.png
Breast/images/A_1512_1-RIGHT_CC-tif_jpg.rf.62c39dab1ab66666b6d793f48d385997.jpg,/Breast/masks/A_1512_1-RIGHT_CC-tif_jpg.rf.62c39dab1ab66666b6d793f48d385997.png
Breast/images/822670189_b12_C_RMLO_BULGU-YOK_addb1_png_jpg.rf.5b0feb034dcd066e553a8cbb2c587fd7.jpg,/Breast/masks/822670189_b12_C_RMLO_BULGU-YOK_addb1_png_jpg.rf.5b0feb034dcd066e553a8cbb2c587fd7.png
Breast/images/822670214_b12_D_LMLO_BULGU-YOK_addb1_png_jpg.rf.602b577169185c42b27a39ec4337b028.jpg,/Breast/masks/822670214_b12_D_LMLO_BULGU-YOK_addb1_png_jpg.rf.602b577169185c42b27a39ec4337b028.png
Breast/images/822670226_b12_C_LMLO_BULGU-YOK_addb2_png_jpg.rf.5924b0ca4eabbc846628755a155f877b.jpg,/Breast/masks/822670226_b12_C_LMLO_BULGU-YOK_addb2_png_jpg.rf.5924b0ca4eabbc846628755a155f877b.png
Breast/images/822670221_b12_C_RCC_MERKEZ_addb2_png_jpg.rf.655a2594ce389f7afb60b0b01919f63e.jpg,/Breast/masks/822670221_b12_C_RCC_MERKEZ_addb2_png_jpg.rf.655a2594ce389f7afb60b0b01919f63e.png
Breast/images/822670202_b12_D_RMLO_BULGU-YOK_addb2_png_jpg.rf.5f15ca936a05f9be8b352e9b3ef8cfc8.jpg,/Breast/masks/822670202_b12_D_RMLO_BULGU-YOK_addb2_png_jpg.rf.5f15ca936a05f9be8b352e9b3ef8cfc8.png
Breast/images/822670226_b12_C_LCC_BULGU-YOK_addb2_png_jpg.rf.685565ba37268426c1b981956fbe7d33.jpg,/Breast/masks/822670226_b12_C_LCC_BULGU-YOK_addb2_png_jpg.rf.685565ba37268426c1b981956fbe7d33.png
Breast/images/B_3048_1-RIGHT_MLO-tif_jpg.rf.60f156ca732d7d22262a6a11c61761b3.jpg,/Breast/masks/B_3048_1-RIGHT_MLO-tif_jpg.rf.60f156ca732d7d22262a6a11c61761b3.png
Breast/images/822670253_b12_C_LCC_BULGU-YOK_addb1_png_jpg.rf.63745d0e228c8fde81b8816147a74a2c.jpg,/Breast/masks/822670253_b12_C_LCC_BULGU-YOK_addb1_png_jpg.rf.63745d0e228c8fde81b8816147a74a2c.png
Breast/images/822670235_b12_C_LCC_UST-DIS_addb2_png_jpg.rf.657c4ab86a1320b40c98c87b34253905.jpg,/Breast/masks/822670235_b12_C_LCC_UST-DIS_addb2_png_jpg.rf.657c4ab86a1320b40c98c87b34253905.png
Breast/images/B_3048_1-RIGHT_MLO-tif_jpg.rf.57e3399401d24385cb75e6f56712e86d.jpg,/Breast/masks/B_3048_1-RIGHT_MLO-tif_jpg.rf.57e3399401d24385cb75e6f56712e86d.png
Breast/images/822670240_b12_C_LCC_UST-DIS_addb2_png_jpg.rf.6827b037ccd9386b24e60ff1363c5712.jpg,/Breast/masks/822670240_b12_C_LCC_UST-DIS_addb2_png_jpg.rf.6827b037ccd9386b24e60ff1363c5712.png
Breast/images/C_0402_1-LEFT_CC-tif_jpg.rf.64d73e7476a8fa2351b5dc90156fadb8.jpg,/Breast/masks/C_0402_1-LEFT_CC-tif_jpg.rf.64d73e7476a8fa2351b5dc90156fadb8.png
Breast/images/A_0604_1-LEFT_MLO-tif_jpg.rf.6894c10659aa157177a770a7b0f7f0ce.jpg,/Breast/masks/A_0604_1-LEFT_MLO-tif_jpg.rf.6894c10659aa157177a770a7b0f7f0ce.png
Breast/images/A_0492_1-LEFT_CC-tif_jpg.rf.604269e74b10a186d1e8274be7504362.jpg,/Breast/masks/A_0492_1-LEFT_CC-tif_jpg.rf.604269e74b10a186d1e8274be7504362.png
Breast/images/D_4594_1-RIGHT_CC-tif_jpg.rf.6b1f9b486d4d9426a39f09ef6e0d4fe4.jpg,/Breast/masks/D_4594_1-RIGHT_CC-tif_jpg.rf.6b1f9b486d4d9426a39f09ef6e0d4fe4.png
Breast/images/C_0205_1-LEFT_CC-tif_jpg.rf.6e5dbb44538df67498de6c5d2109c8d5.jpg,/Breast/masks/C_0205_1-LEFT_CC-tif_jpg.rf.6e5dbb44538df67498de6c5d2109c8d5.png
Breast/images/822670239_b12_D_LCC_UST-DIS_addb2_png_jpg.rf.6cb1a7a4bd9f38c30cc9993d738b41dd.jpg,/Breast/masks/822670239_b12_D_LCC_UST-DIS_addb2_png_jpg.rf.6cb1a7a4bd9f38c30cc9993d738b41dd.png
Breast/images/A_1416_1-LEFT_MLO-tif_jpg.rf.64b8ba73b13dad505a66c56f0b292553.jpg,/Breast/masks/A_1416_1-LEFT_MLO-tif_jpg.rf.64b8ba73b13dad505a66c56f0b292553.png
Breast/images/822670188_b00_D_LCC_MERKEZ_addb0_png_jpg.rf.6330baec99ab135540baaeb6d2fb3da0.jpg,/Breast/masks/822670188_b00_D_LCC_MERKEZ_addb0_png_jpg.rf.6330baec99ab135540baaeb6d2fb3da0.png
Breast/images/822670188_b00_D_LCC_MERKEZ_addb0_png_jpg.rf.6d8a1649b5b50e8d2562ffed545aa6c2.jpg,/Breast/masks/822670188_b00_D_LCC_MERKEZ_addb0_png_jpg.rf.6d8a1649b5b50e8d2562ffed545aa6c2.png
Breast/images/A_1955_1-RIGHT_MLO-tif_jpg.rf.74d5813773dc1f2bbdc72d3c0e1a7d5f.jpg,/Breast/masks/A_1955_1-RIGHT_MLO-tif_jpg.rf.74d5813773dc1f2bbdc72d3c0e1a7d5f.png
Breast/images/D_4032_1-RIGHT_CC-tif_jpg.rf.75e3937d712d12a3d64d74386ddb479b.jpg,/Breast/masks/D_4032_1-RIGHT_CC-tif_jpg.rf.75e3937d712d12a3d64d74386ddb479b.png
Breast/images/822670201_b12_C_LMLO_UST-DIS_addb2_png_jpg.rf.76a499ece3ec986af4d0f723f4e9f058.jpg,/Breast/masks/822670201_b12_C_LMLO_UST-DIS_addb2_png_jpg.rf.76a499ece3ec986af4d0f723f4e9f058.png
Breast/images/822670206_b12_C_RMLO_BULGU-YOK_addb1_png_jpg.rf.651ea5ef6420b03737a18f1f0d58ca3e.jpg,/Breast/masks/822670206_b12_C_RMLO_BULGU-YOK_addb1_png_jpg.rf.651ea5ef6420b03737a18f1f0d58ca3e.png
Breast/images/822670234_b00_D_RMLO_UST-DIS_addb0_png_jpg.rf.6ea4b50e711fa1328bc1ecec2f302fc6.jpg,/Breast/masks/822670234_b00_D_RMLO_UST-DIS_addb0_png_jpg.rf.6ea4b50e711fa1328bc1ecec2f302fc6.png
Breast/images/822670197_b00_D_LCC_MERKEZ_addb0_png_jpg.rf.6f8c54e6837579ef59740a99b79c13e8.jpg,/Breast/masks/822670197_b00_D_LCC_MERKEZ_addb0_png_jpg.rf.6f8c54e6837579ef59740a99b79c13e8.png
Breast/images/A_0574_1-LEFT_MLO-tif_jpg.rf.72bab66678b0ad9203ab51ca0b039142.jpg,/Breast/masks/A_0574_1-LEFT_MLO-tif_jpg.rf.72bab66678b0ad9203ab51ca0b039142.png
Breast/images/C_0205_1-LEFT_CC-tif_jpg.rf.74ed7887465275240e32d883b79ff0ff.jpg,/Breast/masks/C_0205_1-LEFT_CC-tif_jpg.rf.74ed7887465275240e32d883b79ff0ff.png
Breast/images/A_0335_1-LEFT_MLO-tif_jpg.rf.73af0805c40bfe55c5e51f4d697aaaba.jpg,/Breast/masks/A_0335_1-LEFT_MLO-tif_jpg.rf.73af0805c40bfe55c5e51f4d697aaaba.png
Breast/images/A_1416_1-LEFT_MLO-tif_jpg.rf.75dedc7473eb1647ca25a60c6ccae5dc.jpg,/Breast/masks/A_1416_1-LEFT_MLO-tif_jpg.rf.75dedc7473eb1647ca25a60c6ccae5dc.png
Breast/images/822670197_b00_D_LCC_MERKEZ_addb0_png_jpg.rf.7013d193a444938ee10adefda0d052ee.jpg,/Breast/masks/822670197_b00_D_LCC_MERKEZ_addb0_png_jpg.rf.7013d193a444938ee10adefda0d052ee.png
Breast/images/822670214_b12_D_LCC_BULGU-YOK_addb1_png_jpg.rf.6fde469d3136396a5591aaf267a90efd.jpg,/Breast/masks/822670214_b12_D_LCC_BULGU-YOK_addb1_png_jpg.rf.6fde469d3136396a5591aaf267a90efd.png
Breast/images/822670243_b12_D_LMLO_BULGU-YOK_addb1_png_jpg.rf.79b0e2ffcbb86e66b4bf1fa8cf8869ea.jpg,/Breast/masks/822670243_b12_D_LMLO_BULGU-YOK_addb1_png_jpg.rf.79b0e2ffcbb86e66b4bf1fa8cf8869ea.png
Breast/images/C_0143_1-RIGHT_CC-tif_jpg.rf.770b25788faa42cbf4a225a1691dad2e.jpg,/Breast/masks/C_0143_1-RIGHT_CC-tif_jpg.rf.770b25788faa42cbf4a225a1691dad2e.png
Breast/images/822670233_b12_C_RMLO_UST-DIS_addb2_png_jpg.rf.738edf48eaff939b9390d30fa28f02b7.jpg,/Breast/masks/822670233_b12_C_RMLO_UST-DIS_addb2_png_jpg.rf.738edf48eaff939b9390d30fa28f02b7.png
Breast/images/822670233_b12_C_RMLO_UST-DIS_addb2_png_jpg.rf.7cb017d1d1199df69891a97c48131ec5.jpg,/Breast/masks/822670233_b12_C_RMLO_UST-DIS_addb2_png_jpg.rf.7cb017d1d1199df69891a97c48131ec5.png
Breast/images/C_0061_1-LEFT_MLO-tif_jpg.rf.75d70e017f4196fa6f020e0fc039e582.jpg,/Breast/masks/C_0061_1-LEFT_MLO-tif_jpg.rf.75d70e017f4196fa6f020e0fc039e582.png
Breast/images/822670245_b12_C_LMLO_BULGU-YOK_addb1_png_jpg.rf.7de1c95c0f031597fa21273c8d8f5784.jpg,/Breast/masks/822670245_b12_C_LMLO_BULGU-YOK_addb1_png_jpg.rf.7de1c95c0f031597fa21273c8d8f5784.png
Breast/images/A_0501_1-RIGHT_MLO-tif_jpg.rf.771fd11d1dfbf4bb61af9b743391dae1.jpg,/Breast/masks/A_0501_1-RIGHT_MLO-tif_jpg.rf.771fd11d1dfbf4bb61af9b743391dae1.png
Breast/images/C_0066_1-RIGHT_MLO-tif_jpg.rf.755ebb418322a48701f62a7e9b0b0d92.jpg,/Breast/masks/C_0066_1-RIGHT_MLO-tif_jpg.rf.755ebb418322a48701f62a7e9b0b0d92.png
Breast/images/A_1615_1-LEFT_CC-tif_jpg.rf.7f3ce133e90f1a0c13b6a6bfa89bc349.jpg,/Breast/masks/A_1615_1-LEFT_CC-tif_jpg.rf.7f3ce133e90f1a0c13b6a6bfa89bc349.png
Breast/images/A_1416_1-LEFT_MLO-tif_jpg.rf.80525b9260a2d3f779cdb3d94b4eeb6e.jpg,/Breast/masks/A_1416_1-LEFT_MLO-tif_jpg.rf.80525b9260a2d3f779cdb3d94b4eeb6e.png
Breast/images/822670234_b00_D_RCC_UST-DIS_addb0_png_jpg.rf.7a7eb64689a3a2e6034aa913b80d3b84.jpg,/Breast/masks/822670234_b00_D_RCC_UST-DIS_addb0_png_jpg.rf.7a7eb64689a3a2e6034aa913b80d3b84.png
Breast/images/822670237_b00_D_LCC_UST-DIS_addb0_png_jpg.rf.89e261b9794668c25b40d50ef2e76310.jpg,/Breast/masks/822670237_b00_D_LCC_UST-DIS_addb0_png_jpg.rf.89e261b9794668c25b40d50ef2e76310.png
Breast/images/822670238_b12_C_RCC_BULGU-YOK_addb2_png_jpg.rf.8a4dbb30bf905e979d24de49425c1850.jpg,/Breast/masks/822670238_b12_C_RCC_BULGU-YOK_addb2_png_jpg.rf.8a4dbb30bf905e979d24de49425c1850.png
Breast/images/822670208_b12_C_RMLO_UST-DIS_addb2_png_jpg.rf.796357776b737ae0e34030acd8b99467.jpg,/Breast/masks/822670208_b12_C_RMLO_UST-DIS_addb2_png_jpg.rf.796357776b737ae0e34030acd8b99467.png
Breast/images/A_0271_1-LEFT_MLO-tif_jpg.rf.8a5f4bc7033fd873c1f1876d2d1f5c01.jpg,/Breast/masks/A_0271_1-LEFT_MLO-tif_jpg.rf.8a5f4bc7033fd873c1f1876d2d1f5c01.png
Breast/images/822670189_b12_C_LCC_BULGU-YOK_addb1_png_jpg.rf.809ae4028d9cfa08e493a40a49ef2249.jpg,/Breast/masks/822670189_b12_C_LCC_BULGU-YOK_addb1_png_jpg.rf.809ae4028d9cfa08e493a40a49ef2249.png
Breast/images/822670226_b12_C_RCC_UST-IC_addb2_png_jpg.rf.868f1fbbb824be739cb81437e8daf19d.jpg,/Breast/masks/822670226_b12_C_RCC_UST-IC_addb2_png_jpg.rf.868f1fbbb824be739cb81437e8daf19d.png
Breast/images/822670234_b00_D_RMLO_UST-DIS_addb0_png_jpg.rf.84089f7b6509464093ff251c49c6c2bf.jpg,/Breast/masks/822670234_b00_D_RMLO_UST-DIS_addb0_png_jpg.rf.84089f7b6509464093ff251c49c6c2bf.png
Breast/images/A_0271_1-LEFT_MLO-tif_jpg.rf.7f1598cc6e0304277d1b7cadb407e291.jpg,/Breast/masks/A_0271_1-LEFT_MLO-tif_jpg.rf.7f1598cc6e0304277d1b7cadb407e291.png
Breast/images/A_1735_1-LEFT_MLO-tif_jpg.rf.7b624c40c86cc729d260a974ab8438ef.jpg,/Breast/masks/A_1735_1-LEFT_MLO-tif_jpg.rf.7b624c40c86cc729d260a974ab8438ef.png
Breast/images/D_4032_1-RIGHT_CC-tif_jpg.rf.8be783a6352b98eeee0ba055843ac81f.jpg,/Breast/masks/D_4032_1-RIGHT_CC-tif_jpg.rf.8be783a6352b98eeee0ba055843ac81f.png
Breast/images/B_3021_1-RIGHT_CC-tif_jpg.rf.7fee05c75e6155e00a60404f0faee9d6.jpg,/Breast/masks/B_3021_1-RIGHT_CC-tif_jpg.rf.7fee05c75e6155e00a60404f0faee9d6.png
Breast/images/C_0047_1-RIGHT_MLO-tif_jpg.rf.888c45e651982bc6712d386fb74b63d9.jpg,/Breast/masks/C_0047_1-RIGHT_MLO-tif_jpg.rf.888c45e651982bc6712d386fb74b63d9.png
Breast/images/C_0478_1-LEFT_CC-tif_jpg.rf.7e1dcaa738df710e4c7740568917c475.jpg,/Breast/masks/C_0478_1-LEFT_CC-tif_jpg.rf.7e1dcaa738df710e4c7740568917c475.png
Breast/images/B_3610_1-RIGHT_MLO-tif_jpg.rf.840d82e86f2e74e1148a0f638dec1b97.jpg,/Breast/masks/B_3610_1-RIGHT_MLO-tif_jpg.rf.840d82e86f2e74e1148a0f638dec1b97.png
Breast/images/822670226_b12_C_LCC_BULGU-YOK_addb2_png_jpg.rf.8cbd5b0a23da261d0f21fc6da4feb534.jpg,/Breast/masks/822670226_b12_C_LCC_BULGU-YOK_addb2_png_jpg.rf.8cbd5b0a23da261d0f21fc6da4feb534.png
Breast/images/C_0280_1-RIGHT_CC-tif_jpg.rf.8e10728e24f1041edacdaa9f96dee869.jpg,/Breast/masks/C_0280_1-RIGHT_CC-tif_jpg.rf.8e10728e24f1041edacdaa9f96dee869.png
Breast/images/A_0492_1-LEFT_CC-tif_jpg.rf.8de0d9827b52f0e40d72eb61d4be20ac.jpg,/Breast/masks/A_0492_1-LEFT_CC-tif_jpg.rf.8de0d9827b52f0e40d72eb61d4be20ac.png
Breast/images/822670226_b12_C_LCC_BULGU-YOK_addb2_png_jpg.rf.7fdaa94368b80fedc1219519e71a6b6f.jpg,/Breast/masks/822670226_b12_C_LCC_BULGU-YOK_addb2_png_jpg.rf.7fdaa94368b80fedc1219519e71a6b6f.png
Breast/images/C_0065_1-LEFT_MLO-tif_jpg.rf.8f13693412e0556e27fd5842ea29355f.jpg,/Breast/masks/C_0065_1-LEFT_MLO-tif_jpg.rf.8f13693412e0556e27fd5842ea29355f.png
Breast/images/A_0525_1-LEFT_CC-tif_jpg.rf.8d5f1d4fc8f521451406533bbd3549af.jpg,/Breast/masks/A_0525_1-LEFT_CC-tif_jpg.rf.8d5f1d4fc8f521451406533bbd3549af.png
Breast/images/822670226_b12_C_RCC_UST-IC_addb2_png_jpg.rf.8c4a249034a237af5c103e1a3b5fda6f.jpg,/Breast/masks/822670226_b12_C_RCC_UST-IC_addb2_png_jpg.rf.8c4a249034a237af5c103e1a3b5fda6f.png
Breast/images/822670201_b12_C_RCC_UST-DIS_addb2_png_jpg.rf.8fd6054ee87e88161897ebed9e6b8460.jpg,/Breast/masks/822670201_b12_C_RCC_UST-DIS_addb2_png_jpg.rf.8fd6054ee87e88161897ebed9e6b8460.png
Breast/images/A_1615_1-LEFT_CC-tif_jpg.rf.8ee2b39f036d216be8ff1b8affdb2568.jpg,/Breast/masks/A_1615_1-LEFT_CC-tif_jpg.rf.8ee2b39f036d216be8ff1b8affdb2568.png
Breast/images/822670226_b12_C_RCC_UST-IC_addb2_png_jpg.rf.9608781a4b4826e16e3fa7cf76a42d7c.jpg,/Breast/masks/822670226_b12_C_RCC_UST-IC_addb2_png_jpg.rf.9608781a4b4826e16e3fa7cf76a42d7c.png
Breast/images/C_0134_1-LEFT_CC-tif_jpg.rf.90bee0ea3fc600fec94023b919a267b2.jpg,/Breast/masks/C_0134_1-LEFT_CC-tif_jpg.rf.90bee0ea3fc600fec94023b919a267b2.png
Breast/images/822670234_b00_D_RCC_UST-DIS_addb0_png_jpg.rf.907f588c375d13e30c8e3408df18415f.jpg,/Breast/masks/822670234_b00_D_RCC_UST-DIS_addb0_png_jpg.rf.907f588c375d13e30c8e3408df18415f.png
Breast/images/B_3601_1-RIGHT_MLO-tif_jpg.rf.90db4412f594640648bf0a2aa9988d37.jpg,/Breast/masks/B_3601_1-RIGHT_MLO-tif_jpg.rf.90db4412f594640648bf0a2aa9988d37.png
Breast/images/822670234_b00_D_LCC_BULGU-YOK_addb0_png_jpg.rf.94b3a8962a81ce751b1d36a0aa65b54f.jpg,/Breast/masks/822670234_b00_D_LCC_BULGU-YOK_addb0_png_jpg.rf.94b3a8962a81ce751b1d36a0aa65b54f.png
Breast/images/A_2016_1-LEFT_MLO-tif_jpg.rf.94c6032dffe79ba94ce76c1a83f08d27.jpg,/Breast/masks/A_2016_1-LEFT_MLO-tif_jpg.rf.94c6032dffe79ba94ce76c1a83f08d27.png
Breast/images/A_1801_1-LEFT_MLO-tif_jpg.rf.93b045a039f10e508eddd5cdcfd8b8dd.jpg,/Breast/masks/A_1801_1-LEFT_MLO-tif_jpg.rf.93b045a039f10e508eddd5cdcfd8b8dd.png
Breast/images/A_1735_1-LEFT_MLO-tif_jpg.rf.9145ce6201e3695d146c9a6b502f603f.jpg,/Breast/masks/A_1735_1-LEFT_MLO-tif_jpg.rf.9145ce6201e3695d146c9a6b502f603f.png
Breast/images/822670240_b12_C_RMLO_UST-DIS_addb2_png_jpg.rf.8e5c433474e75a0177752628837ac4fb.jpg,/Breast/masks/822670240_b12_C_RMLO_UST-DIS_addb2_png_jpg.rf.8e5c433474e75a0177752628837ac4fb.png
Breast/images/822670242_b12_C_RMLO_MERKEZ_addb2_png_jpg.rf.92cdc097be49377a635558625665ac16.jpg,/Breast/masks/822670242_b12_C_RMLO_MERKEZ_addb2_png_jpg.rf.92cdc097be49377a635558625665ac16.png
Breast/images/822670197_b00_D_LMLO_MERKEZ_addb0_png_jpg.rf.9e17f757d04c3ce49953c0c6557bcdcc.jpg,/Breast/masks/822670197_b00_D_LMLO_MERKEZ_addb0_png_jpg.rf.9e17f757d04c3ce49953c0c6557bcdcc.png
Breast/images/822670188_b00_D_RCC_BULGU-YOK_addb0_png_jpg.rf.9cf28576ef1815b556e386267eeea93b.jpg,/Breast/masks/822670188_b00_D_RCC_BULGU-YOK_addb0_png_jpg.rf.9cf28576ef1815b556e386267eeea93b.png
Breast/images/822670251_b12_D_RCC_UST-DIS_addb2_png_jpg.rf.9ca1217319c66a4fc8ee391713cfb34a.jpg,/Breast/masks/822670251_b12_D_RCC_UST-DIS_addb2_png_jpg.rf.9ca1217319c66a4fc8ee391713cfb34a.png
Breast/images/822670206_b12_C_RCC_BULGU-YOK_addb1_png_jpg.rf.99407bd5cf80cb0800d3afbe8f4c68cd.jpg,/Breast/masks/822670206_b12_C_RCC_BULGU-YOK_addb1_png_jpg.rf.99407bd5cf80cb0800d3afbe8f4c68cd.png
Breast/images/A_1168_1-LEFT_MLO-tif_jpg.rf.92ae44136f75b64820568ac21fe691d6.jpg,/Breast/masks/A_1168_1-LEFT_MLO-tif_jpg.rf.92ae44136f75b64820568ac21fe691d6.png
Breast/images/C_0061_1-LEFT_MLO-tif_jpg.rf.a016285c8165f13ef6b2511448707148.jpg,/Breast/masks/C_0061_1-LEFT_MLO-tif_jpg.rf.a016285c8165f13ef6b2511448707148.png
Breast/images/C_0066_1-RIGHT_MLO-tif_jpg.rf.9dadeaf4c79b715ba6b464256b3e43fc.jpg,/Breast/masks/C_0066_1-RIGHT_MLO-tif_jpg.rf.9dadeaf4c79b715ba6b464256b3e43fc.png
Breast/images/822670253_b12_C_RCC_BULGU-YOK_addb1_png_jpg.rf.9985370d81ac4b7393a1ad72ea41a3f3.jpg,/Breast/masks/822670253_b12_C_RCC_BULGU-YOK_addb1_png_jpg.rf.9985370d81ac4b7393a1ad72ea41a3f3.png
Breast/images/822670197_b00_D_LMLO_MERKEZ_addb0_png_jpg.rf.a0f8a59e800efa1fcf6da9df3a130822.jpg,/Breast/masks/822670197_b00_D_LMLO_MERKEZ_addb0_png_jpg.rf.a0f8a59e800efa1fcf6da9df3a130822.png
Breast/images/A_1467_1-LEFT_CC-tif_jpg.rf.a0330c7407aea3f88010452264e74c0d.jpg,/Breast/masks/A_1467_1-LEFT_CC-tif_jpg.rf.a0330c7407aea3f88010452264e74c0d.png
Breast/images/A_1201_1-RIGHT_MLO-tif_jpg.rf.96a7736d0da6e14c5b6f42ca541b6aa5.jpg,/Breast/masks/A_1201_1-RIGHT_MLO-tif_jpg.rf.96a7736d0da6e14c5b6f42ca541b6aa5.png
Breast/images/A_1955_1-RIGHT_MLO-tif_jpg.rf.a76a156230e1b1fffa2825fd15630333.jpg,/Breast/masks/A_1955_1-RIGHT_MLO-tif_jpg.rf.a76a156230e1b1fffa2825fd15630333.png
Breast/images/A_1391_1-LEFT_MLO-tif_jpg.rf.a06939cba292f9b99356d35f031f638b.jpg,/Breast/masks/A_1391_1-LEFT_MLO-tif_jpg.rf.a06939cba292f9b99356d35f031f638b.png
Breast/images/822670201_b12_C_LCC_UST-DIS_addb2_png_jpg.rf.a096d537cb951d21f091c732067188f5.jpg,/Breast/masks/822670201_b12_C_LCC_UST-DIS_addb2_png_jpg.rf.a096d537cb951d21f091c732067188f5.png
Breast/images/D_4609_1-RIGHT_CC-tif_jpg.rf.9da686b62d11aba5477c30ba7c1f3a0b.jpg,/Breast/masks/D_4609_1-RIGHT_CC-tif_jpg.rf.9da686b62d11aba5477c30ba7c1f3a0b.png
Breast/images/C_0231_1-RIGHT_CC-tif_jpg.rf.9edf4f47be0ab6a461693b2688ac9f22.jpg,/Breast/masks/C_0231_1-RIGHT_CC-tif_jpg.rf.9edf4f47be0ab6a461693b2688ac9f22.png
Breast/images/822670214_b12_D_LCC_BULGU-YOK_addb1_png_jpg.rf.a1c09b54a61d51531aac5c2fff6b8bbe.jpg,/Breast/masks/822670214_b12_D_LCC_BULGU-YOK_addb1_png_jpg.rf.a1c09b54a61d51531aac5c2fff6b8bbe.png
Breast/images/A_0501_1-RIGHT_MLO-tif_jpg.rf.a031cf5558c0883af4ede9c0abddf9c2.jpg,/Breast/masks/A_0501_1-RIGHT_MLO-tif_jpg.rf.a031cf5558c0883af4ede9c0abddf9c2.png
Breast/images/822670201_b12_C_RCC_UST-DIS_addb2_png_jpg.rf.a5b57443ec23b78cd97ed71406de8eb6.jpg,/Breast/masks/822670201_b12_C_RCC_UST-DIS_addb2_png_jpg.rf.a5b57443ec23b78cd97ed71406de8eb6.png
Breast/images/A_1134_1-RIGHT_MLO-tif_jpg.rf.965f6ba30bf1c888317359ca6edd3e64.jpg,/Breast/masks/A_1134_1-RIGHT_MLO-tif_jpg.rf.965f6ba30bf1c888317359ca6edd3e64.png
Breast/images/822670255_b12_C_RCC_MERKEZ_addb2_png_jpg.rf.a636185bfb456032e284c727f0fe06e3.jpg,/Breast/masks/822670255_b12_C_RCC_MERKEZ_addb2_png_jpg.rf.a636185bfb456032e284c727f0fe06e3.png
Breast/images/C_0402_1-LEFT_CC-tif_jpg.rf.966efeb0c5fb215ad0bfc3052221730c.jpg,/Breast/masks/C_0402_1-LEFT_CC-tif_jpg.rf.966efeb0c5fb215ad0bfc3052221730c.png
Breast/images/822670188_b00_D_RCC_BULGU-YOK_addb0_png_jpg.rf.a2d6ce534e097dcba698ecadb2de6823.jpg,/Breast/masks/822670188_b00_D_RCC_BULGU-YOK_addb0_png_jpg.rf.a2d6ce534e097dcba698ecadb2de6823.png
Breast/images/822670251_b12_D_RCC_UST-DIS_addb2_png_jpg.rf.a6b29ebfaf298199bb39335b9a4b903c.jpg,/Breast/masks/822670251_b12_D_RCC_UST-DIS_addb2_png_jpg.rf.a6b29ebfaf298199bb39335b9a4b903c.png
Breast/images/822670234_b00_D_LCC_BULGU-YOK_addb0_png_jpg.rf.a4dc7a5ada1724e2dab12367aa7af2a1.jpg,/Breast/masks/822670234_b00_D_LCC_BULGU-YOK_addb0_png_jpg.rf.a4dc7a5ada1724e2dab12367aa7af2a1.png
Breast/images/C_0364_1-LEFT_MLO-tif_jpg.rf.a20288f9b328976c802b0a792b80039b.jpg,/Breast/masks/C_0364_1-LEFT_MLO-tif_jpg.rf.a20288f9b328976c802b0a792b80039b.png
Breast/images/C_0047_1-RIGHT_MLO-tif_jpg.rf.a4da1354956b5eb97f00eefe97a0e2af.jpg,/Breast/masks/C_0047_1-RIGHT_MLO-tif_jpg.rf.a4da1354956b5eb97f00eefe97a0e2af.png
Breast/images/A_0574_1-LEFT_MLO-tif_jpg.rf.9c9f3647241fffd1a96018601ceb5c88.jpg,/Breast/masks/A_0574_1-LEFT_MLO-tif_jpg.rf.9c9f3647241fffd1a96018601ceb5c88.png
